"Company Name","URL"
"365 INMOBILIARIA","https://www.365inmobiliaria.com.mx/"
"A MÁS PATRIMONIO","https://www.maspatrimonio.com.mx/"
"A-C BIENES RAICES","https://acbienesraices.com.mx/"
"A.K.A. ADMINISTRACIONES, S.C.","https://aka.easybroker.com/"
"ABBA REAL ESTATE","https://abba-realestate.com/"
"ABL SOLUCIONES INMOBILIARIAS","https://www.ablinmuebles.com/"
"AC BIENES RAICES","https://acbienesraices.com.mx/"
"AC-BIENES RAICES","https://acbienesraices.com.mx/"
"ACOSIN,S.A. DE C.V.","NOT FOUND"
"ADMINISTRACIONES JOSÉ LUIS ORDOÑEZ","https://ajlo.com.mx/"
"ADMINISTRACIONES PEDRO ESTRADA SUCESORES, S.A.","NOT FOUND"
"AGI BIENES RAICES SA DE CV","http://www.agibraices.com/"
"AGIL GARATNIZAMOS TU RENTA","NOT FOUND"
"AKA ADMINISTRACIONES","https://aka.easybroker.com/"
"ALTAVISTA","NOT FOUND"
"AM BIENES RAICES","https://www.ambienesraices.com.mx/"
"AM BROKERS","NOT FOUND"
"AMSTERDAM PROMOCIÓN Y ADMINSITRACIÓN DE BIENES RAÍCES","https://www.administracionamsterdam.com.mx/"
"AMSTERDAM PROMOCIÓN Y ADMINSITRACIÓN DE BIENES RAÍCESARTURO HERRERA ROQUE","https://www.administracionamsterdam.com.mx/"
"ASESOR INDEPENDIENTE- KW","NOT FOUND"
"ASESORES BESTOWN SA DE CV","NOT FOUND"
"ASESORES INMOBILIARIOS Y JURÍDICOS FENIX S.C.","https://fenixbienesraices.com/"
"AUUN INMOBILIARIA","https://www.auun-inmobiliaria.com/"
"AVAN 2000 BIENES RAICES, S.A. DE C.V.","NOT FOUND"
"AZTRALL HOME BIENES RAICES","NOT FOUND"
"AZUCENA FERNANDEZ PROPIEDADES","https://www.azucenafernandezpropiedades.com/"
"AZUMAR S.A. DE C.V.","https://www.azumar.com.mx/"
"Aztralhome Bienes Raices","NOT FOUND"
"BAL INTERNATIONAL","http://ibalinter.com/"
"BARIK GRUPO INMOBILIARIO, S.A. DE C.V.","NOT FOUND"
"BINMARQ (BUFETE INMOBILIARIO Y ARQUITECTURA)","https://www.binmarq.com/"
"BOY & BIENES RAICES","https://www.boy.mx/"
"CASA REAL SERVICIOS INMOBILIARIOS","https://www.casarealsi.com/"
"CATAÑO BIENES RAICES, S.A. DE C.V.","https://www.catano.com.mx/"
"CATTORI INMOBILIARIA","https://inmobiliariacattori.com/"
"CBI INMOBILIARIA","https://inmobiliaria.grupobest.mx/"
"CEBMAR","https://www.grupocebmar.com/"
"CGC BIENES RAICES","https://www.cgcbienesraices.com/"
"CHAPALA REALTORS","https://www.chapalarealtors.com/"
"CIMAC","https://www.cimaccarterainmobiliaria.com/"
"CIMAC Cartera Inmobiliaria Miguel Alvarez Del Castillo SA CV","https://www.cimaccarterainmobiliaria.com/"
"CIRCULO 10 INMOBILIARIO","https://circulo10.com.mx/"
"CIRCULO BIENES RAÍCES","NOT FOUND"
"CIUDAD MADERAS","https://ciudadmaderas.com/"
"CLAUDIO MARTIN LOREDO","https://www.sierramarinmobiliaria.com/"
"CLIKALIA","NOT FOUND"
"CMI MARCUXCI","https://www.marcuxci.com/"
"COLLIERS INTERNATIONAL","https://www.colliers.com/es-mx/mexico"
"COMPROCASA","NOT FOUND"
"COMPROCASA INMOBILIARIA","NOT FOUND"
"CONCIERGE INMOBILIARIA CONDESA","NOT FOUND"
"CONFÍA BIENES RAÍCES","https://www.confiabienesraices.mx/"
"CONSTRUCTORA CHUMACERO 2030","https://constructorachumacero2030.mx/"
"CONSTRUCTORA E INMOBILIARIA TENOCHTITLAN","https://tenochtitlaninmobiliaria.com.mx/"
"CONSTRUCTORA E INMOBILIARIA TENOCHTITLAN-ERIK ALFREDO MENDOZA JUAREZ","https://tenochtitlaninmobiliaria.com.mx/"
"COOL LIVING","https://cool-living.com.mx/"
"CORPORACION DESARROLLADORA DE FRACCIONAMIENTOS","NOT FOUND"
"COVARRUBIAS BIENES RAICES","NOT FOUND"
"COVER & REITMAN S.A. DE C.V.","NOT FOUND"
"CUALLI INOVA REAL ESTATE SAPI DE CV ( HIPOO.MX ).","https://www.hipoo.mx/"
"CUNNA","https://www.cunna.mx/"
"CUNNA INMOBILIARIA","https://www.cunna.mx/"
"CUSHMAN & WAKEFIELD, S. DE R.L. DE C.V.","https://www.cushmanwakefield.com/es-mx/mexico"
"CÍRCULO BIENES RAÍCES","NOT FOUND"
"DECORACIÓN Y ARQUITECTURA, ASESORÍA INMOBILIARIA","NOT FOUND"
"DEL ANGEL BIENES RAÍCES","NOT FOUND"
"DELACOLINA TEAM","NOT FOUND"
"DELEGO, S.A. DE C.V.","https://www.delego.mx/"
"DESARROLLOS ECO","https://www.desarrolloseco.mx/"
"DICA BIENES RAÍCES","https://www.dicabr.com.mx/"
"DIES BIENES RAICES","NOT FOUND"
"DISO","NOT FOUND"
"DOMUN SERV. Y ADMON DE INMUEBLES","https://domuninmuebles.com.mx/"
"DREAMS BIENES RAICES BY ARMONIQUE","https://www.dreamsbienesraices.com.mx/"
"DUO LOGAM","https://www.duologam.com/"
"ELCA 64 KW","NOT FOUND"
"EMASN DESARROLLOS","https://emasndesarrollos.com/"
"EMERY SIERRA Y ASOCIADOS","NOT FOUND"
"EMMANUEL TELLEZ ROCHA","NOT FOUND"
"ENLACE HIPOTECARIO","https://enlacehipotecario.com/"
"ESPACIOS ARQUETIPICOS FOCUS","NOT FOUND"
"ESTRATEGIA INMOBILIARIA","NOT FOUND"
"EXPRESSO BIENES RAICES","https://www.expressobienesraices.com/"
"EXPRESSO BIENES RAÍCES","https://www.expressobienesraices.com/"
"FAMPI VISIÓN INMOBILIARIA","https://www.fampi.com.mx/"
"FLAT MX","https://flat.mx/"
"FLORHABIT","https://florhabit.com.mx/"
"FLORHABIT SERVICIOS INMOBILIARIOS PROFESIONALES","https://florhabit.com.mx/"
"FURCHTGOTT GRUPO INMOBILIARIO","https://afgrupoinmobiliario.mx/"
"GALLO BIENES RAICES","NOT FOUND"
"GAN EDEN INMOBILIARIA","NOT FOUND"
"GAP BIENES RAICES","https://www.gapbienesraices.com/"
"GLOBAL BUSINESSES","https://gbinc.mx/"
"GO HOME INMOBILIARIA","https://gohomeinmobiliaria.com/"
"GREEN HOUSE INMOBILIARY SERVICES S.A DE C.V.","https://www.greenhouse.com.mx/"
"GRUPO FERRET","NOT FOUND"
"GRUPO FERRET BIENES RAICES","NOT FOUND"
"GRUPO GIL AGENCIA DE MARKETING","https://grupogil.com.mx/"
"GRUPO IMPERIUM","NOT FOUND"
"GRUPO INMOBI","https://grupoinmobi.com/"
"GRUPO INMOBILIARIO CEBMAR","https://www.grupocebmar.com/"
"GRUPO INMOBILIARIO FS","https://inmobiliariafs.mx/"
"GRUPO INMOBILIARIO JYSA","https://jysa.mx/"
"GRUPO INMOBILIARIO SOLIS ANGULO","NOT FOUND"
"GRUPO MAKO CONSTRUCCIONES","https://www.grupomako.com/"
"GRUPO RIAL BIENES RAICES","http://www.gruporial.com.mx/"
"GUIA ROJI BIENES RAICES","https://guia-roji-bienes-raices.easybroker.com/"
"HEY HOMIE","NOT FOUND"
"HIPOO.MX","https://www.hipoo.mx/"
"HOME INMOBILIARIA","https://www.homeinmobiliaria.mx/"
"HOME INMOBILIARIA-MARISEL SEGURA VARGAS","https://www.homeinmobiliaria.mx/"
"HOMIE","https://homie.mx/"
"HSBC MÉXICO","https://www.hsbc.com.mx/"
"I HOME MÉXICO","https://www.ihomemexico.com/"
"IN HOME RG","https://www.inhomerg.com/"
"INARRCON (INMUEBLES, ARRENDAMIENTOS Y CONSTRUCCIONES, S.A.)","NOT FOUND"
"INCO VIVIR BIEN","NOT FOUND"
"INCO VIVIR BIEN S DE RL DE CV","NOT FOUND"
"INCOME MEXICO","NOT FOUND"
"INDEPENDIENTE","NOT FOUND"
"INFIPRE","NOT FOUND"
"INGETECSA","https://ingetecsa.com.mx/"
"INGRUPOO MAS","NOT FOUND"
"INMOBILIARIA AREQUIPA","NOT FOUND"
"INMOBILIARIA FUGAR, S.A. DE C.V.","https://fugar.com.mx/"
"INMOBILIARIA INMOPLUS","https://www.inmoplusbl.com.mx/"
"INMOBILIARIA MONTEPRINCIPE","https://www.monteprincipe.com.mx/"
"INMOBILIARIA PROMOTORA NACIONAL METROPOLITANA, S.A.","NOT FOUND"
"INMOBILIARIA RIVERA AZUL","https://www.inmobiliariariveraazul.com.mx/"
"INMOBILIARIA TAHEROSE","NOT FOUND"
"INMOBILIARIA TAHEROSE, S.A. DE C.V.","NOT FOUND"
"INMOBILIARIA ZAM","https://zaminmobiliaria.com.mx/"
"INMOVALLE","NOT FOUND"
"INMUEBLES 3","NOT FOUND"
"INNMO-CER","https://innmocer.com/"
"INTEGRADORA DE SERVICIOS Y NUEVAS TECNOLOGÍAS INMOBILIARIAS","NOT FOUND"
"INTERMEDIARIOS INMOBILIARIOS","NOT FOUND"
"INVERSIÓN INMOBILIARIA CLI","NOT FOUND"
"JAPKO INMOBILIARIA","https://www.japkoinmobiliaria.com/"
"JB BIENES RAICES","NOT FOUND"
"JJ ARQUITECTURA ESPECIAL","https://www.jjarq.mx/"
"JJ INVERSIONES INMOBILIARIAS","NOT FOUND"
"JJL INMOBILIARIA MEXICO","NOT FOUND"
"JJL Inmobiliaria México SA de CV","NOT FOUND"
"JM CONSULTORES INMOBILIARIOS","http://www.inmobiliariajm.com.mx/"
"KAPITAL SOLUCIONES INMOBILIARIAS","https://www.kapitalsoluciones.com/"
"KASACG","NOT FOUND"
"KENKEL BIENES RAICES","https://www.kenkel.com.mx/"
"KUNZ Y ASOCIADOS","https://kunz.com.mx/"
"L.C. CONSULTORÍA INMOBILIARIA","https://www.lcinmobiliaria.com.mx/"
"LA AGENZIA SOLUCIONES INMOBILIARIAS","https://www.la-agenzia.com/"
"LA PAZ CORPORACIÓN DE SERVICIOS, S.A. DE C.V.","https://www.lapazcorporacion.com/"
"LAULI BIENES RAICES","NOT FOUND"
"LEGAL GLOBAL CONSULTING","https://legalglobalconsulting.com.mx/"
"LIBRA ADMINISTRACIONES Y PROMOCIONES, S.A. DE C.V.","http://www.librabienesraices.com/"
"LIC. ALFREDO MUÑOZ MONTES DE OCA","NOT FOUND"
"LIV REALTY","NOT FOUND"
"LOCALTY","https://www.localty.mx/"
"LOFT MÉXICO","NOT FOUND"
"LOMELIN HERMANOS BIENES RAICES","NOT FOUND"
"LOMELIN HERMANOS BIENES RAICES, S.C.","NOT FOUND"
"LUCANIA PROPERTY MANGEMENT","https://www.lucania.com.mx/"
"LUMINA SERVICIOS INMOBILIARIOS","NOT FOUND"
"LoNik Bienes Raices","https://leonik.mx/"
"MALJA REAL ESTATE","NOT FOUND"
"MARCA INMOBILIARIA","https://marcainmobiliaria.com.mx/"
"MARCUXCI REAL ESTATE BOUTIQUE","https://www.marcuxci.com/"
"MARTHA RAYO Y ASOCIADOS, S.A. DE C.V.","https://rayovende.com/"
"MAYELA CORTES","NOT FOUND"
"MAZAL CONSULTORES","NOT FOUND"
"MD SOLUCIONES INTEGRALES","https://www.mdsolucionesintegrales.com/"
"MEANA ABOGADOS-MANUEL VAZQUEZ RUIZ","https://www.meanaabogados.mx/"
"MEDIACIÓN PRIVADA 640","https://mp640cdmx.com/"
"MEDIADOR PRIVADO 417 CDMX","NOT FOUND"
"MENOCAL Y ASOCIADOS","NOT FOUND"
"MEXICO SMART REAL ESTATE GROUP","https://mexicosmart.wiggot.com/"
"MGM ASESORES INMOBILIARIOS","NOT FOUND"
"MI ESPACIO IN","https://www.miespacioin.mx/"
"MI GESTIÓN","https://gestioninmobiliaria.com.mx/"
"MICASANUEVA.MX","NOT FOUND"
"MIFE INTEGRACIONES","NOT FOUND"
"MJ BIENES RAICES","NOT FOUND"
"MJC INMOBILIARIA, S.A. DE C.V.","NOT FOUND"
"MK24 BIENES RAICES","https://www.mk24bienesraices.com/"
"MO INMUEBLES","https://www.moinmuebles.com/"
"MORADA UNO","https://www.moradauno.com.mx/"
"MORADA UNO MEXICO SAPI","https://www.moradauno.com.mx/"
"MORALES ARIAS BIENES RAICES","https://www.mabienesraices.com.mx/"
"MUDAFY","https://mudafy.com.mx/"
"MUNDICASA CDMX","https://www.mundicasa.mx/"
"MetroHomes","https://www.metrohomes.mx/"
"Mi Espacio In","https://www.miespacioin.mx/"
"MÉXICO HOME INVESTORS","NOT FOUND"
"MÉXICO PROPERTY SPECIALIST","https://mexicopropertyspecialist.com/"
"NEXIMO","https://www.neximo.mx/"
"NOTARIA 57 DEL DISTRITO FEDERAL","NOT FOUND"
"NOTARIA 57 DEL DISTRITO FEDERAL-DAVID FIGUEROA","NOT FOUND"
"NOVA HOGAR BIENES RAICES","https://www.novahogar.mx/"
"NUESTRO PATRIMONIO INMOBILIARIO","NOT FOUND"
"OPEN HAUSSE","NOT FOUND"
"ORGANIZACIÓN SERRANO","https://www.serranovende.com.mx/"
"OSCAR DEL VALLE CORPORACIÓN INMOBILIARIA, S.C.","https://www.oscardelvalle.com.mx/"
"On Duty Properties","https://ondutymanagement.mx/"
"PCC BIENES RAÍCES","http://www.pccbienesraices.com/"
"PERSONA FISICA CON ACTIVIDAD EMPRESARIAL","NOT FOUND"
"PLAZA VIADUCTO","NOT FOUND"
"POLIZA JURIDICA CHAPULTEPEC","https://www.polizajuridica.com.mx/"
"POLIZA JURIDICA S.C.","https://www.polizajuridica.com.mx/"
"POSTURA INMOBILIARIA","https://www.posturainmobiliaria.com/"
"PRESTIGE BY KW PEDREGAL","https://www.kwpedregal.com/"
"PREVISION LEGAL S.A. DE C.V.","NOT FOUND"
"PROFESIONAL INDENPENDIENTE","NOT FOUND"
"PROFESIONAL INDEPENDIENTE","NOT FOUND"
"PROMOCIÓN Y CONSULTORIA INMOBILIARIA","NOT FOUND"
"PROTECCIÓN JURÍDICA INMOBILIARIA","https://proteccionjuridica.com.mx/"
"PROYECTA BIENES RAÍCES","https://proyectabienesraices.com.mx/"
"PUNTO MEDIO BIENES RAICES","http://inmobiliariapuntomedio.com/"
"PyC BIENES INMUEBLES","NOT FOUND"
"QUALITY INMOBILIARIA","https://www.quality.com.mx/"
QUALITY INMOBILIARIA URIBE,https://www.quality.com.mx/
QUALITY INMOBILIARIA VITAL,https://www.quality.com.mx/
QUALITY VITAL-MARIA GUADALUPE TEJEDA HERNANDEZ,https://www.quality.com.mx/
RAGA BLINDAJE JURIDICO INMOBILIARIO,NOT FOUND
RE-MAX TK,NOT FOUND
REAL ESTATE BUSNIESS INTELLIGENCE RE,NOT FOUND
RED BIENES RAICES,https://www.redbienesraices.mx/
RENDA & LATICE CORPORED,NOT FOUND
RENDA SOY,NOT FOUND
RENDA.SOY,NOT FOUND
RENTEALO SAPI DE CV,NOT FOUND
"RENTGIL SERVICIOS INMOBILIARIOS, S.A. DE C.V.",NOT FOUND
RESIDENCIAS DE MÉXICO,NOT FOUND
RG ASESORES,https://rgasesores.com.mx/
RIVEROLL BIENES RAICES,https://www.riverollbienesraices.com/
ROHEN INMOBILIARIA,https://www.roheninmobiliaria.com.mx/
"ROJKIND IMPULSORA INMOBILIARIA, S.A. DE C.V.",NOT FOUND
SATELITE REAL ESTATE,https://www.satelitereal.com/
SENDERO INMOBILIARIO,https://www.senderoinmobiliario.com/
SENDERO INMOBILIARIO-LILIA DOMINGUEZ HERRERA,https://www.senderoinmobiliario.com/
SERVICIOS INMOBILIARIOS PICASSA,NOT FOUND
SIERRAMAR INMOBILIARIA,https://www.sierramarinmobiliaria.com/
SMARTI CREDIT,NOT FOUND
SOMOS ASESORES,NOT FOUND
STILO INMOBILIARIA,https://stilo.lat/
STILO INMOBILIARIO,https://stilo.lat/
"TAR INTERNACIONAL, S.C.",NOT FOUND
TAX JURIDICO INMOBILIARIO,NOT FOUND
TECNOCASA S.A. DE C.V.,https://tecnocasa.mx/
TIQUE HOME,NOT FOUND
TOLUMES BIENES RAICES,https://www.tolumesbienesraices.com/
TREVEX ESTRATEGIA INMOBILAIRIA,https://trevex.com.mx/
TREVEX INMOBILIARIA,https://trevex.com.mx/
TREVÉX ESTRATEGIA INMOBILIARIA 7374,https://trevex.com.mx/
TRIA SOLUCION INMOBILIARIA,https://triainmobiliaria.com/
TRIA SOLUCION INMOBILIARIA-MAGDALENA RIVAS MARES,https://triainmobiliaria.com/
TRUE HOME,https://www.truehome.com.mx/
TRUJILLO BETANZOS Y ASOCIADOS,NOT FOUND
TU ESPACIO TU CASA,https://tuespaciotucasa.com/
TU HABI,https://tuhabi.mx/
TU HOGAR SI,NOT FOUND
TU HOUSE,NOT FOUND
TUHABI,https://tuhabi.mx/
UBICACIÓN BIENES RAICES,NOT FOUND
URBAN TERRA MX.COM,NOT FOUND
VALIZKA REAL ESTATE,NOT FOUND
VALOR JURIDICO INMOBILIARIO,NOT FOUND
VAN DOOREN BIENES RAÍCES,https://www.vandoorenbienesraices.com.mx/
VERA GRUPO INMOBILIARIO,NOT FOUND
VERCHY BIENES RAÍCES,NOT FOUND
VIDRIOS Y ALUMINIO DIVISIÓN,NOT FOUND
"VIMAGMA Y ASOCIADOS, S.A. DE C.V.",NOT FOUND
VIMH SOLUCIONES INMOBILIARIAS,https://viminmobiliaria.com/
"VISO & SOLUCION INMOBILIARIA, S.C.",NOT FOUND
VITA BIENES RAICES,NOT FOUND
VITAL INMUEBLES,NOT FOUND
WAY HOME-Bienes Raíces,https://www.wayhome.com.mx/
YAV PROPIEDADES,https://yavproperties.com/
"ZAZUETA ESTRELLA ARQUITECTOS, S.A.DE C.V.",NOT FOUND
ZITRO SERVICIOS INMOBILIARIOS S.A DE C.V.,NOT FOUND
ZONA R&G,https://www.zrygbienesraices.com/
ZUHA BIENES RAICES,https://zuha.com.mx/
jose.ojeda@neximo.mx,https://www.neximo.mx/
