Broker,Broker URL,Platform,Listing URL,Listing Name,Property Type,Price,Currency,Bedrooms,Bathrooms,Size,Size Unit,Description,Images,Country,State,City,Latitude,Longitude,Sale or Rent,Source Count,Source Brokers,Source URLs,Region Match
Cantu Real Estate,https://canturealestate.com.mx/,,https://canturealestate.com.mx/property/terreno-en-venta-en-puerto-vallarta-jalisco/,Terreno en Venta en Puerto Vallarta Jalisco - Cantú Real Estate,Land/Lot,6000000.00,USD,0,0,540,m2,"Terreno en venta en puerto vallarta jalisco Se encuentra en una de las zonas más privadas y tranquilas de la bahía. El predio colinda con el río palo María, rodeado de la vegetación selvática con flora y fauna únicas y es accesible a través de senderos y Terrazas a través del barranco hasta el río,",https://secure.gravatar.com/avatar/f0e41510d4d3f0ee9a3e24c416d4dd2c8cea4715bddf37ca642457319e01afa5?s=96&d=mm&r=g,Mexico,Quintana Roo,Playa del Carmen,,,Sale,1,Cantu Real Estate,https://canturealestate.com.mx/property/terreno-en-venta-en-puerto-vallarta-jalisco/,Playa del Carmen; Puerto Vallarta; Other Riviera Maya
Cantu Real Estate,https://canturealestate.com.mx/,,https://canturealestate.com.mx/property/edificio-comercial-en-puerto-vallarta-jalisco/,Edificio Comercial en Puerto Vallarta Jalisco - Cantú Real Estate,House,2500000000.00,USD,0,0,,,Venta de inmuebles en todo México,https://secure.gravatar.com/avatar/f0e41510d4d3f0ee9a3e24c416d4dd2c8cea4715bddf37ca642457319e01afa5?s=96&d=mm&r=g,Mexico,Quintana Roo,Playa del Carmen,,,Sale,1,Cantu Real Estate,https://canturealestate.com.mx/property/edificio-comercial-en-puerto-vallarta-jalisco/,Playa del Carmen; Puerto Vallarta; Other Riviera Maya
Cantu Real Estate,https://canturealestate.com.mx/,,https://canturealestate.com.mx/property/terreno-en-venta-en-playa-novillero-nayarit-kc0200/,Terreno en Venta en Playa Novillero Nayarit | KC0200 - Cantú Real Estate,Land/Lot,13750000.00,USD,0,0,5500,m2,"Terreno Frente al Mar en Playa Novillero, Nayarit – 5,500 m² Disponibles para Tu Proyecto de Ensueño Precio: $2,500 MXN por m². Ubicación privilegiada: Playa Novillero, conocida por ser la playa más larga de México, ideal para proyectos exclusivos. Servicios básicos: Luz y agua disponibles para iniciar tu desarrollo sin complicaciones. Oportunidad única: Perfecto para",https://secure.gravatar.com/avatar/f0e41510d4d3f0ee9a3e24c416d4dd2c8cea4715bddf37ca642457319e01afa5?s=96&d=mm&r=g,Mexico,Quintana Roo,Playa del Carmen,,,Sale,1,Cantu Real Estate,https://canturealestate.com.mx/property/terreno-en-venta-en-playa-novillero-nayarit-kc0200/,Playa del Carmen; Puerto Vallarta; Other Riviera Maya
Cantu Real Estate,https://canturealestate.com.mx/,,https://canturealestate.com.mx/property/hotel-en-venta-en-puerto-vallarta-2/,Hotel en Venta en Puerto Vallarta - Cantú Real Estate,Land/Lot,65000000.00,USD,225,0,9250,m2,"HOTEL FRENTE AL MAR EN VENTAPUERTO VALLARTA, ZONA HOTELERA Hotel frente al mar ubicado en la zona hotelera de Puerto Vallarta, frente a la Bahía de Banderas, dentro de uno de los corredores turísticos más consolidados del Pacífico mexicano. La zona se caracteriza por una alta afluencia turística nacional e internacional durante todo el año,",https://canturealestate.com.mx/wp-content/uploads/2026/03/7846629_109016554382013487411960011193507279618631276050562680725164543628506938781668.jpg,Mexico,Quintana Roo,Cancún,,,Sale,1,Cantu Real Estate,https://canturealestate.com.mx/property/hotel-en-venta-en-puerto-vallarta-2/,Cancun; Puerto Vallarta; Other Riviera Maya
Cantu Real Estate,https://canturealestate.com.mx/,,https://canturealestate.com.mx/property/terreno-en-bahia-de-banderas/,Terreno en Bahía de Banderas - Cantú Real Estate,Land/Lot,1300000000.00,USD,0,0,2460000,m2,"Terreno en venta en Bahía de Banderas, Nayarit, MéxicoPrecioUSD $ 1,300,000,000.00Un Mil Trescientos Millones de Dólares Americanos Financiamiento propio desde el 25% de Engancheo Aportación al 75% Terreno Localizado en Bahía de Banderas Nayarit Localizado a solo 4.7 kms de la Cruz de Huanacaxtle Entre los Hoteles Arena Blanca y Marival Harmony https://maps.app.goo.g l/38zxyPXp8Qcd91XPA Superficie",https://canturealestate.com.mx/wp-content/uploads/2025/11/7560543_64138390846725878969777272051768339246332779611170534243649295368118811126724.jpg,Mexico,Quintana Roo,Playa del Carmen,,,Sale,1,Cantu Real Estate,https://canturealestate.com.mx/property/terreno-en-bahia-de-banderas/,Playa del Carmen; Puerto Vallarta; Other Riviera Maya
Cantu Real Estate,https://canturealestate.com.mx/,,https://canturealestate.com.mx/property/hotel-en-venta-en-nuevo-vallarta/,Hotel en Venta en Nuevo Vallarta - Cantú Real Estate,House,28000000.00,USD,108,0,,,"HOTEL BUSINESS CLASS EN VENTANuevo Vallarta, Nayarit – México Hotel de categoría Business Class de 4 estrellas, ubicado estratégicamente sobre la Carretera Federal 200 en Nuevo Vallarta, uno de los destinos turísticos con mayor crecimiento en la Riviera Nayarit. La propiedad opera bajo una marca internacional de gran prestigio, lo que garantiza estándares globales de",https://canturealestate.com.mx/wp-content/uploads/2026/03/7846664_14509278615627197350493730320749828630992337501230292035728193118054788867606.jpg,Mexico,Quintana Roo,Cancún,,,Sale,1,Cantu Real Estate,https://canturealestate.com.mx/property/hotel-en-venta-en-nuevo-vallarta/,Cancun; Puerto Vallarta; Other Riviera Maya
Cantu Real Estate,https://canturealestate.com.mx/,,https://canturealestate.com.mx/property/hotel-en-puerto-vallarta-2/,Hotel en Puerto Vallarta - Cantú Real Estate,Land/Lot,45000000.00,USD,86,0,390.58,m2,"HOTEL FRENTE AL MAR – PUERTO VALLARTAZona Romántica | Playa Los Muertos Descripción general Hotel frente al mar ubicado en una de las zonas turísticas más consolidadas de Puerto Vallarta, en la reconocida Zona Romántica y con acceso directo a Playa Los Muertos. La propiedad se encuentra en un entorno rodeado de restaurantes, galerías, comercios",https://canturealestate.com.mx/wp-content/uploads/2026/03/7846718_21811072145158871177123215922857674297528042750706580108699685885346650845149.jpg,Mexico,Quintana Roo,Cancún,,,Sale,1,Cantu Real Estate,https://canturealestate.com.mx/property/hotel-en-puerto-vallarta-2/,Cancun; Puerto Vallarta; Other Riviera Maya
Cantu Real Estate,https://canturealestate.com.mx/,,https://canturealestate.com.mx/property/hotel-en-venta-en-puerto-vallarta/,Hotel en Venta en Puerto Vallarta - Cantú Real Estate,Land/Lot,66000000.00,USD,0,0,8000,m2,"Gran oportunidad Hotelero y Residencial de Alta Gama en Puerto Vallarta Exclusivo complejo que integra hospitalidad y residencias de lujo, concebido como un activo inmobiliario de alto valor dentro del segmento turístico y residencial premium.El desarrollo combina suites hoteleras, residencias privadas y una reserva estratégica de terreno que permite futuras expansiones, consolidando una oportunidad única",https://canturealestate.com.mx/wp-content/uploads/2026/03/7846585_96984704371788586969751536359212738151123589143634867698470106186316415868044.jpg,Mexico,Quintana Roo,Cancún,,,Sale,1,Cantu Real Estate,https://canturealestate.com.mx/property/hotel-en-venta-en-puerto-vallarta/,Cancun; Puerto Vallarta; Other Riviera Maya
G&V Bienes Raices,https://www.gvbienesraices.com/,Tokko Broker,"https://www.gvbienesraices.com/p/8597152-Terreno-en-Venta-en-Puerto-Morelos-Calle-Vallarta,-Privada-8","Terreno en Venta en Puerto Morelos - Calle Vallarta, Privada 8",Land/Lot,5000000,MXN,,,2200,m2,"Terreno en venta en Puerto Morelos 2,200 m² con construcción y doble acceso Terreno ubicado en la zona urbana de Puerto Morelos, ideal para desarrollar un proyecto habitacional, comercial o de inversión. Gracias a su amplio frente, construcción existente y dos accesos independientes, ofrece una excelente oportunidad en una de las zonas con mayor crecimiento de Quintana Roo. Precio:$5,000,000 MXN Medidas y tipología2,200 m² de terreno.Construcción existente de 200 m² (casa de un nivel). Características * Terreno de 2,200 m²* Casa de un nivel de 200 m²* Dos accesos independientes con portones* B",https://static.tokkobroker.com/sm_pics/8597152_43750063247184346502538919499118621377638619049404520208797243170317777845190_og.jpg,Mexico,Quintana Roo,Puerto Morelos,,,Sale,1,G&V Bienes Raices,"https://www.gvbienesraices.com/p/8597152-Terreno-en-Venta-en-Puerto-Morelos-Calle-Vallarta,-Privada-8",Puerto Morelos; Puerto Vallarta; Other Riviera Maya
INMUEBLES HAHN,https://www.inmuebleshahn.com.mx/,EasyBroker,https://www.inmuebleshahn.com.mx/property/san-jose-del-valle-nayarit-terreno-en-venta,San Jose Del Valle Nayarit Terreno En Venta,Land/Lot,34197000,USD,2,2,53432.81,m2,"ENTREGA INMEDIATA PREVA CITA TERRENO EN VENTA – SAN JOSÉ DEL VALLE, NAYARIT Excelente oportunidad de inversión en una de las zonas con mayor crecimiento en la región. Ubicación: San José del Valle,...",https://assets.easybroker.com/property_images/6107901/108201953/EB-WL7901.png?height=300&version=1783975537&width=450,Mexico,Yucatán,Mérida,,,Sale,1,INMUEBLES HAHN,https://www.inmuebleshahn.com.mx/property/san-jose-del-valle-nayarit-terreno-en-venta,Puerto Vallarta
INMUEBLES HAHN,https://www.inmuebleshahn.com.mx/,EasyBroker,https://www.inmuebleshahn.com.mx/property/nayarit-bahia-de-banderas-terreno-en-venta,Nayarit Bahía De Banderas Terreno en Venta,Land/Lot,31929700,USD,9,7,29027.35,m2,"TERRENO EN VENTA – EJIDO EL PORVENIR, BAHÍA DE BANDERAS, NAYARIT Gran oportunidad de inversión en una de las zonas con mayor crecimiento de la Riviera Nayarit. Terreno ubicado en el Ejido El Porven...",https://assets.easybroker.com/property_images/6108193/108208150/EB-WL8193.png?height=300&version=1783981614&width=450,Mexico,,,,,Sale,1,INMUEBLES HAHN,https://www.inmuebleshahn.com.mx/property/nayarit-bahia-de-banderas-terreno-en-venta,Puerto Vallarta
Miramar Capital,https://www.miramarcapitalrs.com/,Tokko Broker,https://www.miramarcapitalrs.com/p/7277794-Terreno-en-Venta-en-Fraccionamiento-Nuevo-Ixtapa-Fraccionamiento-privado-TAI,Terreno en Venta en Fraccionamiento Nuevo Ixtapa - Fraccionamiento privado TAI,Land/Lot,640000,MXN,,,120,m2,"Fraccionamiento privado con vigilancia, contara con casa club, alberca, agua, luz , drenaje, vialidades de concreto hidrahulico, El fraccionamiento mejor ubicado al norte de Puerto Vallarta ???????? Vive o invierte donde todo crece.TÁI está ubicado a solo minutos de Plaza Sendero, la Central Camionera, el Hospital Regional y las principales vías de acceso de la ciudad. Su localización estratégica te conecta con:? Zona hotelera y playas en menos de 20 minutos? Aeropuerto internacional? Centros comerciales y escuelas? Transporte público cercano Además, cuenta con infraestructura moderna, calles ",https://static.tokkobroker.com/sm_pics/106456632_og.jpg,Mexico,,,,,Sale,1,Miramar Capital,https://www.miramarcapitalrs.com/p/7277794-Terreno-en-Venta-en-Fraccionamiento-Nuevo-Ixtapa-Fraccionamiento-privado-TAI,Puerto Vallarta
Ohana Real Estate,https://ohanarealestate.com.mx,Tokko Broker,https://www.ohanarealestate.com.mx/p/7316137-Terreno-en-Venta-en-Puerto-Morelos-Terreno-en-Venta-%7C-Ruta-de-los-Cenotes,Terreno en Venta en Puerto Morelos - Puerto Morelos,Land/Lot,5000000,MXN,,,10000,m2,"Terreno en Venta en la Ruta de los Cenotes | Frente a Central Vallarta, Puerto Morelos Descubre este increíble terreno ubicado en una de las zonas con mayor crecimiento de la Riviera Maya: la Ruta de los Cenotes. Situado justo frente a Central Vallarta ya tan solo 5 minutos del Tren Maya, este espacio es ideal para desarrollar tu proyecto de descanso o inversión.Perfecto para construir villas de fin de semana, un espacio familiar para vacacionar, o incluso un centro de campamentos ecológicos. Disfruta de la naturaleza, la tranquilidad y el encanto de los cenotes que rodean la zona, con fácil a",https://static.tokkobroker.com/sm_pics/107438911_og.jpg,Mexico,Quintana Roo,Puerto Morelos,,,Sale,1,Ohana Real Estate,https://www.ohanarealestate.com.mx/p/7316137-Terreno-en-Venta-en-Puerto-Morelos-Terreno-en-Venta-%7C-Ruta-de-los-Cenotes,Puerto Morelos; Puerto Vallarta; Other Riviera Maya
Cantu Real Estate,https://canturealestate.com.mx/,,https://canturealestate.com.mx/property/edificio-comercial-en-guadalajara/,Edificio Comercial en Guadalajara - Cantú Real Estate,Land/Lot,168600000.00,USD,0,0,1120,m2,"Gasolinera Tapatía en Venta en Avenida Vallarta, Guadalajara Propiedad icónica con más de 80 años de operación en una ubicación privilegiada sobre Avenida Vallarta, junto a Los Arcos y cerca de la Glorieta Minerva, dos monumentos emblemáticos de Guadalajara. Datos Generales 1 Ubicación: Av. Vallarta, Guadalajara, Jalisco,2 Tipo de propiedad: Terreno propio3 Superficie del terreno:",https://canturealestate.com.mx/wp-content/uploads/2026/03/7906828_39197300840703945473021223495676366587794543208585416372353640649911367331500.jpg,Mexico,Quintana Roo,Playa del Carmen,,,Rent,1,Cantu Real Estate,https://canturealestate.com.mx/property/edificio-comercial-en-guadalajara/,Playa del Carmen; Puerto Vallarta; Other Riviera Maya
Caribbean Real Estate,https://caribbeanrealestatemls.com/destinations/mexico/,,https://caribbeanrealestatemls.com/real-estate/puerto-vallarta/29f46d-2-bedroom-condos-for-sale-pier-57-zona-romantica-puerto-vallarta-mexico/,"2 Bedroom Condos for Sale, Pier 57, Zona Romantica, Puerto Vallarta, Mexico",Unknown,690000,USD,2,2,860,sqft,,,Mexico,,,,,Rent,1,Caribbean Real Estate,https://caribbeanrealestatemls.com/real-estate/puerto-vallarta/29f46d-2-bedroom-condos-for-sale-pier-57-zona-romantica-puerto-vallarta-mexico/,Puerto Vallarta
Caribbean Real Estate,https://caribbeanrealestatemls.com/destinations/mexico/,,https://caribbeanrealestatemls.com/real-estate/puerto-vallarta/cd2a19-2-bedroom-condo-for-sale-urban-ii-emiliano-zapata-puerto-vallarta-mexico/,"2 Bedroom Condo for Sale, Urban II, Emiliano Zapata, Puerto Vallarta, Mexico",Condo/Apartment,645000,USD,2,2,1270,sqft,,,Mexico,,,,,Rent,1,Caribbean Real Estate,https://caribbeanrealestatemls.com/real-estate/puerto-vallarta/cd2a19-2-bedroom-condo-for-sale-urban-ii-emiliano-zapata-puerto-vallarta-mexico/,Puerto Vallarta
CasaSur Inmobiliaria,https://www.casasur.mx/,Tokko Broker,"https://www.casasur.mx/p/8389553-Departamento-en-Renta-en-Arcos-Vallarta-Arcos-Vallarta,-Guadalajara","Departamento en Renta en Arcos Vallarta - Arcos Vallarta, Guadalajara",Condo/Apartment,27000,MXN,3,3,138,m2,"Amplio y moderno departamento ubicado en una de las zonas más exclusivas y con mayor conectividad de la ciudad. ???? Características:• 138.26 m² de construcción• 3 recámaras• 2 baños completos y 1 medio baño• Terraza / balcón• 2 cajones de estacionamiento ???? Amenidades:• Alberca/Jacuzzi• Gimnasio• Salón de usos múltiples• Área de coworking• 2 elevadores• Seguridad y acceso controlado las 24 horas Ideal para quienes buscan comodidad, amplitud y un estilo de vida con excelentes amenidades en una ubicación privilegiada. ???? Calderón de la Barca #26???? $27,000 mensuales con mantenimiento inclu",https://static.tokkobroker.com/sm_pics/8389553_115293673459742487607580260632525806389598079048145300251655003708645284018565_og.jpg,Mexico,,,,,Rent,1,CasaSur Inmobiliaria,"https://www.casasur.mx/p/8389553-Departamento-en-Renta-en-Arcos-Vallarta-Arcos-Vallarta,-Guadalajara",Puerto Vallarta
Mexhome,https://mexhome.com/properties?area=puerto-vallarta&type=Houses,,https://mexhome.com/area/puerto-vallarta-vacation-rentals/,Puerto Vallarta Vacation Rentals- MexHome,Land/Lot,1995000,USD,4,4,3038,sqft,Discover properties for rent in Puerto Vallarta Vacation Rentals. Dive into key property insights and experience the unique charm of Mexico.,https://mexhome.com/wp-content/uploads/2024/09/puerto-vallarta-puerto-vallarta-jalisco-mexico-2023-11-27-05-02-25-utc-scaled.jpg,Mexico,Quintana Roo,Playa del Carmen,,,Rent,1,Mexhome,https://mexhome.com/area/puerto-vallarta-vacation-rentals/,Playa del Carmen; Puerto Vallarta; Other Riviera Maya
Mexhome,https://mexhome.com/properties?area=puerto-vallarta&type=Houses,,https://mexhome.com/area/punta-mita-vacation-rentals/,Punta Mita Vacation Rentals Real Estate for Sale - MexHome,Land/Lot,875000,USD,3,3.5,3572,sqft,Discover properties for rent in Punta Mita Vacation Rentals. Dive into key property insights and experience the unique charm of Mexico.,https://mexhome.com/wp-content/uploads/2018/11/puntademita4.jpg,Mexico,Quintana Roo,Playa del Carmen,,,Rent,1,Mexhome,https://mexhome.com/area/punta-mita-vacation-rentals/,Playa del Carmen; Puerto Vallarta; Other Riviera Maya
Mexhome,https://mexhome.com/properties?area=puerto-vallarta&type=Houses,,https://mexhome.com/area/bucerias-vacation-rentals/,Bucerias Vacation Rentals Real Estate for Sale - MexHome,Land/Lot,223600,USD,4,3.5,574,m2,Discover properties for rent in Bucerias Vacation Rentals. Dive into key property insights and experience the unique charm of Mexico.,https://mexhome.com/wp-content/uploads/2023/11/buceriasland9.jpg,Mexico,Quintana Roo,Playa del Carmen,,,Rent,1,Mexhome,https://mexhome.com/area/bucerias-vacation-rentals/,Playa del Carmen; Puerto Vallarta; Other Riviera Maya
Mexhome,https://mexhome.com/properties?area=puerto-vallarta&type=Houses,,https://mexhome.com/area/sayulita-vacation-rentals/,Sayulita Vacation Rentals Real Estate for Sale - MexHome,Land/Lot,295000,USD,5,5,6576,sqft,Discover properties for rent in Sayulita Vacation Rentals. Dive into key property insights and experience the unique charm of Mexico.,https://mexhome.com/wp-content/uploads/2025/02/sayulita13.jpg,Mexico,Quintana Roo,Playa del Carmen,,,Rent,1,Mexhome,https://mexhome.com/area/sayulita-vacation-rentals/,Playa del Carmen; Puerto Vallarta; Other Riviera Maya
Mexhome,https://mexhome.com/properties?area=puerto-vallarta&type=Houses,,https://mexhome.com/area/nuevo-vallarta-vacation-rentals/,Nuevo Vallarta Vacation Rentals Real Estate for Sale - MexHome,Land/Lot,495000,USD,2,2,2124,sqft,Discover properties for rent in Nuevo Vallarta Vacation Rentals. Dive into key property insights and experience the unique charm of Mexico.,https://mexhome.com/wp-content/uploads/2016/04/nuevovallarta8.jpg,Mexico,Quintana Roo,Playa del Carmen,,,Rent,1,Mexhome,https://mexhome.com/area/nuevo-vallarta-vacation-rentals/,Playa del Carmen; Puerto Vallarta; Other Riviera Maya
Mexhome,https://mexhome.com/properties?area=puerto-vallarta&type=Houses,,https://mexhome.com/dev/harbor-171-condos-puerto-vallarta/,Harbor 171 Puerto Vallarta Condos for Sale - MexHome,Land/Lot,389000,USD,1,4,3038,sqft,Harbor 171 in Puerto Vallarta are upscale condos that are an amazing example of real estate in Puerto Vallarta and Mexico.,https://mexhome.com/wp-content/uploads/2020/06/Harbor-171-MexHome-Real-Estate-3.jpg,Mexico,Quintana Roo,Playa del Carmen,,,Rent,1,Mexhome,https://mexhome.com/dev/harbor-171-condos-puerto-vallarta/,Playa del Carmen; Puerto Vallarta; Other Riviera Maya
Mexhome,https://mexhome.com/properties?area=puerto-vallarta&type=Houses,,https://mexhome.com/dev/valarte-condos-puerto-vallarta/,Valarte Puerto Vallarta for Sale - MexHome,Land/Lot,300000,USD,1,1,775,sqft,"Valarte Condos in Puerto Vallarta offers contemporary design with 95 units in the vibrant and emerging community of Fluvial Vallarta. With convenient access to services, shopping, & entertainment, pre-sale pricing makes this a great investment!",https://mexhome.com/wp-content/uploads/2022/03/valarte-puerto-vallarta-condos-4.jpeg,Mexico,Quintana Roo,Playa del Carmen,,,Rent,1,Mexhome,https://mexhome.com/dev/valarte-condos-puerto-vallarta/,Playa del Carmen; Puerto Vallarta; Other Riviera Maya
Gerard Allard,https://www.gerardallardpv.com,,https://gerardallardpv.com/idx/267-Encino-73-HOTEL-ENCINO-Puerto-Vallarta-JA-mls_40995?pg=2&OrderBy=-ListPrice&m=20101117190901935008000000&search_referral_url=https%3A%2F%2Fgerardallardpv.com%2Fproperties%3Fpg%3D2,Allard Realty,Land/Lot,7400000,USD,73,10733.1,,,VENTA DE PROPIEDAD HOTELERA EN PUERTO VALLARTA (CENTRO). Ponemos a su disposición una excelente oportunidad de inversión en el corazón de Puerto Vallarta: la propiedad donde actualmente opera el r,https://secure.gravatar.com/avatar/57736a2afc94af145ff19235d2065a32cedf99d36ccce4a435662ee9470ab8d5?s=96&amp;d=mm&amp;r=g,Mexico,,,,,Sale,1,Gerard Allard,https://gerardallardpv.com/idx/267-Encino-73-HOTEL-ENCINO-Puerto-Vallarta-JA-mls_40995?pg=2&OrderBy=-ListPrice&m=20101117190901935008000000&search_referral_url=https%3A%2F%2Fgerardallardpv.com%2Fproperties%3Fpg%3D2,Puerto Vallarta
Gerard Allard,https://www.gerardallardpv.com,,https://gerardallardpv.com/idx/4-AV-CHACALILLA-MALINALI-Villa-Malinali-4-Riviera-Nayarit-NA-mls_43543?pg=2&OrderBy=-ListPrice&m=20101117190901935008000000&search_referral_url=https%3A%2F%2Fgerardallardpv.com%2Fproperties%3Fpg%3D2,Allard Realty,Land/Lot,6000000,USD,7,7,,,"Exclusiva villa frente al mar en Marina Chacala Villa Malinali IV, Riviera Nayarit. Una propiedad diseñada para compradores que buscan privacidad, arquitectura contemporánea y una ubicación verdade",https://secure.gravatar.com/avatar/57736a2afc94af145ff19235d2065a32cedf99d36ccce4a435662ee9470ab8d5?s=96&amp;d=mm&amp;r=g,Mexico,,,,,Sale,1,Gerard Allard,https://gerardallardpv.com/idx/4-AV-CHACALILLA-MALINALI-Villa-Malinali-4-Riviera-Nayarit-NA-mls_43543?pg=2&OrderBy=-ListPrice&m=20101117190901935008000000&search_referral_url=https%3A%2F%2Fgerardallardpv.com%2Fproperties%3Fpg%3D2,Puerto Vallarta
Gerard Allard,https://www.gerardallardpv.com,,https://gerardallardpv.com/idx/197-Av-Paseo-de-la-Marina-B-01-Tres-Mares-Garden-Residence-Puerto-Vallarta-JA-mls_44015?pg=6&OrderBy=-ListPrice&m=20101117190901935008000000&search_referral_url=https%3A%2F%2Fgerardallardpv.com%2Fproperties%3Fpg%3D6,Allard Realty,Land/Lot,3600000,USD,,4,,,"(English below) Tres Mares Garden Residence | Marina Vallarta Distribuida en dos niveles, la propiedad aprovecha su privilegiada ubicación oceanfront con vistas abiertas hacia la Bahía de Banderas",https://secure.gravatar.com/avatar/57736a2afc94af145ff19235d2065a32cedf99d36ccce4a435662ee9470ab8d5?s=96&amp;d=mm&amp;r=g,Mexico,,,,,Sale,2,Gerard Allard,https://gerardallardpv.com/idx/197-Av-Paseo-de-la-Marina-B-01-Tres-Mares-Garden-Residence-Puerto-Vallarta-JA-mls_44015?pg=6&OrderBy=-ListPrice&m=20101117190901935008000000&search_referral_url=https%3A%2F%2Fgerardallardpv.com%2Fproperties%3Fpg%3D6; https://gerardallardpv.com/idx/Lt-4-Retorno-de-las-mariposas-Isla-Capitan-Riviera-Nayarit-NA-mls_35348?pg=5&OrderBy=-ListPrice&m=20101117190901935008000000&search_referral_url=https%3A%2F%2Fgerardallardpv.com%2Fproperties%3Fpg%3D5,Puerto Vallarta
Gerard Allard,https://www.gerardallardpv.com,,https://gerardallardpv.com/idx/280-Olas-Altas-1-Burro-s-Bar-Beachfront-Puerto-Vallarta-JA-mls_41514?pg=7&OrderBy=-ListPrice&m=20101117190901935008000000&search_referral_url=https%3A%2F%2Fgerardallardpv.com%2Fproperties%3Fpg%3D7,Allard Realty,Land/Lot,3249000,USD,,46,333.5,m2,"ENGLISH BELOW. Exclusivo lote a pie de playa Los Muertos en la Zona Romantica de Puerto Vallarta, una de las areas mas iconicas, visitadas y de mayor demanda turistica de la ciudad. Con 333.5 m2 de te",https://secure.gravatar.com/avatar/57736a2afc94af145ff19235d2065a32cedf99d36ccce4a435662ee9470ab8d5?s=96&amp;d=mm&amp;r=g,Mexico,,,,,Sale,1,Gerard Allard,https://gerardallardpv.com/idx/280-Olas-Altas-1-Burro-s-Bar-Beachfront-Puerto-Vallarta-JA-mls_41514?pg=7&OrderBy=-ListPrice&m=20101117190901935008000000&search_referral_url=https%3A%2F%2Fgerardallardpv.com%2Fproperties%3Fpg%3D7,Puerto Vallarta
Gerard Allard,https://www.gerardallardpv.com,,https://gerardallardpv.com/idx/Puerto-Vallarta-JA-mls_44279?pg=9&OrderBy=-ListPrice&m=20101117190901935008000000&search_referral_url=https%3A%2F%2Fgerardallardpv.com%2Fproperties%3Fpg%3D9,Allard Realty,Land/Lot,2869000,USD,7,72,,,"El Edificio Janine es un inmueble urbano de arquitectura funcional ubicado en la colonia Emiliano Zapata, en la ciudad de Puerto Vallarta, Jalisco. A la venta en $50,000,000 MXN. Esta edificación",https://secure.gravatar.com/avatar/57736a2afc94af145ff19235d2065a32cedf99d36ccce4a435662ee9470ab8d5?s=96&amp;d=mm&amp;r=g,Mexico,,,,,Sale,1,Gerard Allard,https://gerardallardpv.com/idx/Puerto-Vallarta-JA-mls_44279?pg=9&OrderBy=-ListPrice&m=20101117190901935008000000&search_referral_url=https%3A%2F%2Fgerardallardpv.com%2Fproperties%3Fpg%3D9,Puerto Vallarta
Gerard Allard,https://www.gerardallardpv.com,,https://gerardallardpv.com/idx/370-Calle-Zaragoza-Casa-Catalina-Puerto-Vallarta-JA-mls_43702?pg=11&OrderBy=-ListPrice&m=20101117190901935008000000&search_referral_url=https%3A%2F%2Fgerardallardpv.com%2Fproperties%3Fpg%3D11,Allard Realty,Land/Lot,2650000,USD,,5,742,m2,"Ubicada en el emblemático barrio de Gringo Gulch en Puerto Vallarta, Casa Catalina es una finca magistralmente restaurada que captura el romanticismo atemporal y la sofisticación de la vida en Valla",https://secure.gravatar.com/avatar/57736a2afc94af145ff19235d2065a32cedf99d36ccce4a435662ee9470ab8d5?s=96&amp;d=mm&amp;r=g,Mexico,,,,,Sale,1,Gerard Allard,https://gerardallardpv.com/idx/370-Calle-Zaragoza-Casa-Catalina-Puerto-Vallarta-JA-mls_43702?pg=11&OrderBy=-ListPrice&m=20101117190901935008000000&search_referral_url=https%3A%2F%2Fgerardallardpv.com%2Fproperties%3Fpg%3D11,Puerto Vallarta
Gerard Allard,https://www.gerardallardpv.com,,https://gerardallardpv.com/idx/473-Rodolfo-Gomez-Casa-Alta-Mar-Puerto-Vallarta-JA-mls_43932?pg=13&OrderBy=-ListPrice&m=20101117190901935008000000&search_referral_url=https%3A%2F%2Fgerardallardpv.com%2Fproperties%3Fpg%3D13,Allard Realty,Land/Lot,2495000,USD,,4,,,"Experience luxury coastal living at Casa Alta Mar in Puerto Vallarta's Alta Vista neighborhood. This contemporary residence showcases sweeping views of the Pacific, Banderas Bay, the city skyline, an",https://secure.gravatar.com/avatar/57736a2afc94af145ff19235d2065a32cedf99d36ccce4a435662ee9470ab8d5?s=96&amp;d=mm&amp;r=g,Mexico,,,,,Sale,2,Gerard Allard,https://gerardallardpv.com/idx/105-Paseo-de-las-Conchas-Chinas-Villa-Encantada-Puerto-Vallarta-JA-mls_42199?pg=13&OrderBy=-ListPrice&m=20101117190901935008000000&search_referral_url=https%3A%2F%2Fgerardallardpv.com%2Fproperties%3Fpg%3D13; https://gerardallardpv.com/idx/473-Rodolfo-Gomez-Casa-Alta-Mar-Puerto-Vallarta-JA-mls_43932?pg=13&OrderBy=-ListPrice&m=20101117190901935008000000&search_referral_url=https%3A%2F%2Fgerardallardpv.com%2Fproperties%3Fpg%3D13,Puerto Vallarta
Gerard Allard,https://www.gerardallardpv.com,,https://gerardallardpv.com/idx/513-Monte-Verde-o-Calle-Coapinole-Villa-Ventanas-al-Mar-Puerto-Vallarta-JA-mls_43766?pg=13&OrderBy=-ListPrice&m=20101117190901935008000000&search_referral_url=https%3A%2F%2Fgerardallardpv.com%2Fproperties%3Fpg%3D13,Allard Realty,Land/Lot,2450000,USD,,4,536.25,m2,"ENGLISH BELOW ---- Villa Ventanas al Mar es un refugio magistral en el exclusivo enclave privado de Real Conchas Chinas, a minutos del centro de Puerto Vallarta. Esta deslumbrante propiedad de 536.25",https://secure.gravatar.com/avatar/57736a2afc94af145ff19235d2065a32cedf99d36ccce4a435662ee9470ab8d5?s=96&amp;d=mm&amp;r=g,Mexico,,,,,Sale,1,Gerard Allard,https://gerardallardpv.com/idx/513-Monte-Verde-o-Calle-Coapinole-Villa-Ventanas-al-Mar-Puerto-Vallarta-JA-mls_43766?pg=13&OrderBy=-ListPrice&m=20101117190901935008000000&search_referral_url=https%3A%2F%2Fgerardallardpv.com%2Fproperties%3Fpg%3D13,Puerto Vallarta
Gerard Allard,https://www.gerardallardpv.com,,https://gerardallardpv.com/idx/167-Isla-Tortuga-El-Tigre-Casa-Isla-Tortuga-Riviera-Nayarit-NA-mls_39585?pg=14&OrderBy=-ListPrice&m=20101117190901935008000000&search_referral_url=https%3A%2F%2Fgerardallardpv.com%2Fproperties%3Fpg%3D14,Allard Realty,Land/Lot,2300000,USD,,5,800,m2,"Luxury Residence in the exclusive El Tigre, Nuevo Nayarit - Golf Course Views. This impressive property combines space, comfort, and elegance in a privileged setting. Set on a large 800 m² lot wit",https://secure.gravatar.com/avatar/57736a2afc94af145ff19235d2065a32cedf99d36ccce4a435662ee9470ab8d5?s=96&amp;d=mm&amp;r=g,Mexico,,,,,Sale,5,Gerard Allard,https://gerardallardpv.com/idx/10-palapa-Las-Hadas-del-Mar-Riviera-Nayarit-NA-mls_41053?pg=14&OrderBy=-ListPrice&m=20101117190901935008000000&search_referral_url=https%3A%2F%2Fgerardallardpv.com%2Fproperties%3Fpg%3D14; https://gerardallardpv.com/idx/167-Isla-Tortuga-El-Tigre-Casa-Isla-Tortuga-Riviera-Nayarit-NA-mls_39585?pg=14&OrderBy=-ListPrice&m=20101117190901935008000000&search_referral_url=https%3A%2F%2Fgerardallardpv.com%2Fproperties%3Fpg%3D14; https://gerardallardpv.com/idx/173-Isla-Tortuga-173-Isla-Tortuga-173-Riviera-Nayarit-NA-mls_42353?pg=14&OrderBy=-ListPrice&m=20101117190901935008000000&search_referral_url=https%3A%2F%2Fgerardallardpv.com%2Fproperties%3Fpg%3D14; https://gerardallardpv.com/idx/652-Av-Paseo-de-los-Cocoteros-PH-05-B-Delcanto-PH-Riviera-Nayarit-NA-mls_43392?pg=14&OrderBy=-ListPrice&m=20101117190901935008000000&search_referral_url=https%3A%2F%2Fgerardallardpv.com%2Fproperties%3Fpg%3D14; https://gerardallardpv.com/idx/S-N-Retorno-Mariposas-Villa-Isla-Capit-n-Riviera-Nayarit-NA-mls_39130?pg=14&OrderBy=-ListPrice&m=20101117190901935008000000&search_referral_url=https%3A%2F%2Fgerardallardpv.com%2Fproperties%3Fpg%3D14,Puerto Vallarta
Gerard Allard,https://www.gerardallardpv.com,,https://gerardallardpv.com/idx/63728-C-Marl-Parcela-Escondida-Riviera-Nayarit-NA-mls_26501?pg=17&OrderBy=-ListPrice&m=20101117190901935008000000&search_referral_url=https%3A%2F%2Fgerardallardpv.com%2Fproperties%3Fpg%3D17,Allard Realty,Land/Lot,2040680,USD,,,,,"Located in the charming town of Sayulita, Parcela Escondida presents an exceptional investment opportunity for real estate developers seeking to build a high-density residential project.",https://secure.gravatar.com/avatar/57736a2afc94af145ff19235d2065a32cedf99d36ccce4a435662ee9470ab8d5?s=96&amp;d=mm&amp;r=g,Mexico,,,,,Sale,1,Gerard Allard,https://gerardallardpv.com/idx/63728-C-Marl-Parcela-Escondida-Riviera-Nayarit-NA-mls_26501?pg=17&OrderBy=-ListPrice&m=20101117190901935008000000&search_referral_url=https%3A%2F%2Fgerardallardpv.com%2Fproperties%3Fpg%3D17,Puerto Vallarta
Gerard Allard,https://www.gerardallardpv.com,,https://gerardallardpv.com/idx/318-5-de-Febrero-Casa-Cinco-Puerto-Vallarta-JA-mls_44300?pg=18&OrderBy=-ListPrice&m=20101117190901935008000000&search_referral_url=https%3A%2F%2Fgerardallardpv.com%2Fproperties%3Fpg%3D18,Allard Realty,Land/Lot,1900000,USD,,5,4400,sqft,"Casa Cinco offers sophisticated family living in the heart of Old Town in Puerto Vallarta's vibrant Romantic Zone. With a walkability score of 100, you have easy access to beaches, shopping, food mark",https://secure.gravatar.com/avatar/57736a2afc94af145ff19235d2065a32cedf99d36ccce4a435662ee9470ab8d5?s=96&amp;d=mm&amp;r=g,Mexico,,,,,Unclassified,3,Gerard Allard,https://gerardallardpv.com/idx/318-5-de-Febrero-Casa-Cinco-Puerto-Vallarta-JA-mls_44300?pg=18&OrderBy=-ListPrice&m=20101117190901935008000000&search_referral_url=https%3A%2F%2Fgerardallardpv.com%2Fproperties%3Fpg%3D18; https://gerardallardpv.com/idx/751-Paseo-del-Parque-Villa-El-Cielo-Country-Club-Guadalajara-JA-mls_42189?pg=18&OrderBy=-ListPrice&m=20101117190901935008000000&search_referral_url=https%3A%2F%2Fgerardallardpv.com%2Fproperties%3Fpg%3D18; https://gerardallardpv.com/idx/978-GUADALUPE-SANCHEZ-CASA-REY-SOL-Puerto-Vallarta-JA-mls_41737?pg=18&OrderBy=-ListPrice&m=20101117190901935008000000&search_referral_url=https%3A%2F%2Fgerardallardpv.com%2Fproperties%3Fpg%3D18,Puerto Vallarta
Gerard Allard,https://www.gerardallardpv.com,,https://gerardallardpv.com/idx/2-D-8-Cam-Playa-Carricitos-Casa-Carricitos-Riviera-Nayarit-NA-mls_41847?pg=20&OrderBy=-ListPrice&m=20101117190901935008000000&search_referral_url=https%3A%2F%2Fgerardallardpv.com%2Fproperties%3Fpg%3D20,Allard Realty,Land/Lot,1850000,USD,3,5,8195,m2,"Casa Carricitos — A Private Coastal Sanctuary Overlooking the Pacific in Sayulita Casa Carricitos is a one-of-a-kind oceanview retreat where nature, privacy, and authentic coastal living come toget",https://secure.gravatar.com/avatar/57736a2afc94af145ff19235d2065a32cedf99d36ccce4a435662ee9470ab8d5?s=96&amp;d=mm&amp;r=g,Mexico,Quintana Roo,Playacar,,,Rent,2,Gerard Allard,https://gerardallardpv.com/idx/2-D-8-Cam-Playa-Carricitos-Casa-Carricitos-Riviera-Nayarit-NA-mls_41847?pg=20&OrderBy=-ListPrice&m=20101117190901935008000000&search_referral_url=https%3A%2F%2Fgerardallardpv.com%2Fproperties%3Fpg%3D20; https://gerardallardpv.com/idx/777-CARRETERA-A-BARRA-DE-NAVIDAD-3-1-Casa-Orquideas-Puerto-Vallarta-JA-mls_38120?pg=20&OrderBy=-ListPrice&m=20101117190901935008000000&search_referral_url=https%3A%2F%2Fgerardallardpv.com%2Fproperties%3Fpg%3D20,Playa del Carmen; Puerto Vallarta; Other Riviera Maya
Gerard Allard,https://www.gerardallardpv.com,,https://gerardallardpv.com/idx/1-America-Latina-Unidad-Privativa-6-Son-Reve-Las-Olas-Riviera-Nayarit-NA-mls_42121?pg=1&OrderBy=-ListPrice&m=20101117190901935008000000&search_referral_url=https%3A%2F%2Fgerardallardpv.com%2Fproperties,Allard Realty,Land/Lot,8500000,USD,,6,,,"Extraordinary beachfront estate located in Las Olas, the most prestigious oceanfront community in San Pancho, Riviera Nayarit. Situated on an expansive double lot with approximately 171 feet of direct",https://secure.gravatar.com/avatar/57736a2afc94af145ff19235d2065a32cedf99d36ccce4a435662ee9470ab8d5?s=96&amp;d=mm&amp;r=g,Mexico,,,,,Rent,1,Gerard Allard,https://gerardallardpv.com/idx/1-America-Latina-Unidad-Privativa-6-Son-Reve-Las-Olas-Riviera-Nayarit-NA-mls_42121?pg=1&OrderBy=-ListPrice&m=20101117190901935008000000&search_referral_url=https%3A%2F%2Fgerardallardpv.com%2Fproperties,Puerto Vallarta
Gerard Allard,https://www.gerardallardpv.com,,https://gerardallardpv.com/idx/228-C-Gardenias-Villa-M-M-Puerto-Vallarta-JA-mls_41655?pg=4&OrderBy=-ListPrice&m=20101117190901935008000000&search_referral_url=https%3A%2F%2Fgerardallardpv.com%2Fproperties%3Fpg%3D4,Allard Realty,Land/Lot,4200000,USD,8,8,800,m2,"Villa M&M, Amapas, Puerto Vallarta Discover a private luxury estate in Amapas--known as the Beverly Hills of Puerto Vallarta--just an 8-minute walk to Los Muertos Beach and minutes from Zona Románti",https://secure.gravatar.com/avatar/57736a2afc94af145ff19235d2065a32cedf99d36ccce4a435662ee9470ab8d5?s=96&amp;d=mm&amp;r=g,Mexico,,,,,Rent,1,Gerard Allard,https://gerardallardpv.com/idx/228-C-Gardenias-Villa-M-M-Puerto-Vallarta-JA-mls_41655?pg=4&OrderBy=-ListPrice&m=20101117190901935008000000&search_referral_url=https%3A%2F%2Fgerardallardpv.com%2Fproperties%3Fpg%3D4,Puerto Vallarta
Gerard Allard,https://www.gerardallardpv.com,,https://gerardallardpv.com/idx/100-Manuel-Sanchez-KALIVA-Riviera-Nayarit-NA-mls_41439?pg=5&OrderBy=-ListPrice&m=20101117190901935008000000&search_referral_url=https%3A%2F%2Fgerardallardpv.com%2Fproperties%3Fpg%3D5,Allard Realty,Land/Lot,3800000,USD,3,8,,,Kaliva Sayulita Northside is a rare opportunity to acquire a high-performing mixed-use property in one of Sayulita's most strategic commercial locations - the central corner of Calle Miramar and Manue,https://secure.gravatar.com/avatar/57736a2afc94af145ff19235d2065a32cedf99d36ccce4a435662ee9470ab8d5?s=96&amp;d=mm&amp;r=g,Mexico,,,,,Rent,1,Gerard Allard,https://gerardallardpv.com/idx/100-Manuel-Sanchez-KALIVA-Riviera-Nayarit-NA-mls_41439?pg=5&OrderBy=-ListPrice&m=20101117190901935008000000&search_referral_url=https%3A%2F%2Fgerardallardpv.com%2Fproperties%3Fpg%3D5,Puerto Vallarta
Gerard Allard,https://www.gerardallardpv.com,,https://gerardallardpv.com/idx/12-palapa-villa-valentin-Riviera-Nayarit-NA-mls_41493?pg=6&OrderBy=-ListPrice&m=20101117190901935008000000&search_referral_url=https%3A%2F%2Fgerardallardpv.com%2Fproperties%3Fpg%3D6,Allard Realty,Land/Lot,3600000,USD,8,8,,,"Welcome to Villa Valentin, an enchanting ocean-view estate tucked into the lush Sayulita jungle. Surrounded by nature, this beautifully designed property offers the perfect mix of privacy, comfort, a",https://secure.gravatar.com/avatar/57736a2afc94af145ff19235d2065a32cedf99d36ccce4a435662ee9470ab8d5?s=96&amp;d=mm&amp;r=g,Mexico,,,,,Rent,1,Gerard Allard,https://gerardallardpv.com/idx/12-palapa-villa-valentin-Riviera-Nayarit-NA-mls_41493?pg=6&OrderBy=-ListPrice&m=20101117190901935008000000&search_referral_url=https%3A%2F%2Fgerardallardpv.com%2Fproperties%3Fpg%3D6,Puerto Vallarta
Gerard Allard,https://www.gerardallardpv.com,,https://gerardallardpv.com/idx/340-Camino-A-Haramara-Poniente-Nahui-Kie-Santuario-Riviera-Nayarit-NA-mls_31449?pg=6&OrderBy=-ListPrice&m=20101117190901935008000000&search_referral_url=https%3A%2F%2Fgerardallardpv.com%2Fproperties%3Fpg%3D6,Allard Realty,Land/Lot,3495000,USD,,,53269,m2,"Nahui Kie Santuario Carricitos in Sayulita is one of the most beautiful expressions of nature in Riviera Nayarit. This hilltop sanctuary offers wide-open views of the Pacific Ocean, Sayulita Bay, and",https://secure.gravatar.com/avatar/57736a2afc94af145ff19235d2065a32cedf99d36ccce4a435662ee9470ab8d5?s=96&amp;d=mm&amp;r=g,Mexico,Quintana Roo,Playacar,,,Unclassified,5,Gerard Allard,https://gerardallardpv.com/idx/1150-Carretera-La-Cruz-Punta-Mita-PQR-PH-BOLONGO-Riviera-Nayarit-NA-mls_40496?pg=6&OrderBy=-ListPrice&m=20101117190901935008000000&search_referral_url=https%3A%2F%2Fgerardallardpv.com%2Fproperties%3Fpg%3D6; https://gerardallardpv.com/idx/1762-Carr-Costera-A-Barra-De-Navid-PH3-The-Reef-SKY-VILLA-Puerto-Vallarta-JA-mls_38152?pg=6&OrderBy=-ListPrice&m=20101117190901935008000000&search_referral_url=https%3A%2F%2Fgerardallardpv.com%2Fproperties%3Fpg%3D6; https://gerardallardpv.com/idx/200-Carretera-Federal-Ramal-KM-19-812-El-Encanto-Riviera-Nayarit-NA-mls_44010?pg=6&OrderBy=-ListPrice&m=20101117190901935008000000&search_referral_url=https%3A%2F%2Fgerardallardpv.com%2Fproperties%3Fpg%3D6; https://gerardallardpv.com/idx/340-Camino-A-Haramara-Poniente-Nahui-Kie-Santuario-Riviera-Nayarit-NA-mls_31449?pg=6&OrderBy=-ListPrice&m=20101117190901935008000000&search_referral_url=https%3A%2F%2Fgerardallardpv.com%2Fproperties%3Fpg%3D6; https://gerardallardpv.com/idx/X-CARRETERA-A-PUNTA-MITA-RANCHO-VIENTO-REAL-Riviera-Nayarit-NA-mls_42266?pg=6&OrderBy=-ListPrice&m=20101117190901935008000000&search_referral_url=https%3A%2F%2Fgerardallardpv.com%2Fproperties%3Fpg%3D6,Playa del Carmen; Puerto Vallarta; Other Riviera Maya
Gerard Allard,https://www.gerardallardpv.com,,https://gerardallardpv.com/idx/S-N-Dorado-Las-Olas-21-Casa-del-Mar-Riviera-Nayarit-NA-mls_40705?pg=8&OrderBy=-ListPrice&m=20101117190901935008000000&search_referral_url=https%3A%2F%2Fgerardallardpv.com%2Fproperties%3Fpg%3D8,Allard Realty,Land/Lot,2990000,USD,,7,,,"Casa del Mar Luxury Estate in Las Olas, San Pancho, Riviera Nayarit Nestled within the exclusive gated beachfront community of Las Olas, in San Pancho, Nayarit, Casa del Mar is a stunning tropical r",https://secure.gravatar.com/avatar/57736a2afc94af145ff19235d2065a32cedf99d36ccce4a435662ee9470ab8d5?s=96&amp;d=mm&amp;r=g,Mexico,,,,,Rent,1,Gerard Allard,https://gerardallardpv.com/idx/S-N-Dorado-Las-Olas-21-Casa-del-Mar-Riviera-Nayarit-NA-mls_40705?pg=8&OrderBy=-ListPrice&m=20101117190901935008000000&search_referral_url=https%3A%2F%2Fgerardallardpv.com%2Fproperties%3Fpg%3D8,Puerto Vallarta
Gerard Allard,https://www.gerardallardpv.com,,https://gerardallardpv.com/idx/5-C-Puesta-Del-Sol-Casa-Caracol-Estate-Riviera-Nayarit-NA-mls_41962?pg=9&OrderBy=-ListPrice&m=20101117190901935008000000&search_referral_url=https%3A%2F%2Fgerardallardpv.com%2Fproperties%3Fpg%3D9,Allard Realty,Land/Lot,2900000,USD,,,2700,sqft,"Caracol Estates in Sayulita is a unique estate that consists of a +/- 2,700-square-foot main house in the central neighbourhood of Gringo Hill, plus three casitas totalling 2,700 square feet, on a one",https://secure.gravatar.com/avatar/57736a2afc94af145ff19235d2065a32cedf99d36ccce4a435662ee9470ab8d5?s=96&amp;d=mm&amp;r=g,Mexico,,,,,Rent,1,Gerard Allard,https://gerardallardpv.com/idx/5-C-Puesta-Del-Sol-Casa-Caracol-Estate-Riviera-Nayarit-NA-mls_41962?pg=9&OrderBy=-ListPrice&m=20101117190901935008000000&search_referral_url=https%3A%2F%2Fgerardallardpv.com%2Fproperties%3Fpg%3D9,Puerto Vallarta
Gerard Allard,https://www.gerardallardpv.com,,https://gerardallardpv.com/idx/09-Orofino-Las-Cuevas-Villa-Carolyna-Riviera-Nayarit-NA-mls_42503?pg=10&OrderBy=-ListPrice&m=20101117190901935008000000&search_referral_url=https%3A%2F%2Fgerardallardpv.com%2Fproperties%3Fpg%3D10,Allard Realty,Land/Lot,2750000,USD,4,5,,,"ENGLISH BELOW <p> Villa de lujo en acantilado en Chacala, Riviera Nayarit, con vistas panoramicas al oceano y entorno natural ideal para observacionn de aves. Historial comprobado de rentas y reconoc",https://secure.gravatar.com/avatar/57736a2afc94af145ff19235d2065a32cedf99d36ccce4a435662ee9470ab8d5?s=96&amp;d=mm&amp;r=g,Mexico,,,,,Rent,1,Gerard Allard,https://gerardallardpv.com/idx/09-Orofino-Las-Cuevas-Villa-Carolyna-Riviera-Nayarit-NA-mls_42503?pg=10&OrderBy=-ListPrice&m=20101117190901935008000000&search_referral_url=https%3A%2F%2Fgerardallardpv.com%2Fproperties%3Fpg%3D10,Puerto Vallarta
Gerard Allard,https://www.gerardallardpv.com,,https://gerardallardpv.com/idx/132-Francisco-I-Madero-Aventura-Pacifico-Riviera-Nayarit-NA-mls_42471?pg=12&OrderBy=-ListPrice&m=20101117190901935008000000&search_referral_url=https%3A%2F%2Fgerardallardpv.com%2Fproperties%3Fpg%3D12,Allard Realty,Land/Lot,2500000,USD,14,14,,,"Aventura Pacifico Villa is an intimate multi-purpose property in Bucerias, Mexico. Just steps from the beach, it's a one-of-a-kind property, ideally located in the most desirable area of Bucerias. Wit",https://secure.gravatar.com/avatar/57736a2afc94af145ff19235d2065a32cedf99d36ccce4a435662ee9470ab8d5?s=96&amp;d=mm&amp;r=g,Mexico,,,,,Rent,2,Gerard Allard,https://gerardallardpv.com/idx/132-Francisco-I-Madero-Aventura-Pacifico-Riviera-Nayarit-NA-mls_42471?pg=12&OrderBy=-ListPrice&m=20101117190901935008000000&search_referral_url=https%3A%2F%2Fgerardallardpv.com%2Fproperties%3Fpg%3D12; https://gerardallardpv.com/idx/132-Francisco-I-Madero-Aventura-Pacifico-Riviera-Nayarit-NA-mls_42471?pg=13&OrderBy=-ListPrice&m=20101117190901935008000000&search_referral_url=https%3A%2F%2Fgerardallardpv.com%2Fproperties%3Fpg%3D13,Puerto Vallarta
Gerard Allard,https://www.gerardallardpv.com,,https://gerardallardpv.com/idx/94-Avenida-del-Palmar-Casa-Mariluna-Riviera-Nayarit-NA-mls_43502?pg=16&OrderBy=-ListPrice&m=20101117190901935008000000&search_referral_url=https%3A%2F%2Fgerardallardpv.com%2Fproperties%3Fpg%3D16,Allard Realty,Land/Lot,2175000,USD,,5,,,"Casa Mariluna is a three-bedroom main home + two additional casitas, offering a rare combination of luxury living and income potential in the highly sought-after north end of Sayulita. Perched abov",https://secure.gravatar.com/avatar/57736a2afc94af145ff19235d2065a32cedf99d36ccce4a435662ee9470ab8d5?s=96&amp;d=mm&amp;r=g,Mexico,,,,,Rent,1,Gerard Allard,https://gerardallardpv.com/idx/94-Avenida-del-Palmar-Casa-Mariluna-Riviera-Nayarit-NA-mls_43502?pg=16&OrderBy=-ListPrice&m=20101117190901935008000000&search_referral_url=https%3A%2F%2Fgerardallardpv.com%2Fproperties%3Fpg%3D16,Puerto Vallarta
Gerard Allard,https://www.gerardallardpv.com,,https://gerardallardpv.com/idx/221-Naranjo-Casa-Naranjo-Puerto-Vallarta-JA-mls_40862?pg=16&OrderBy=-ListPrice&m=20101117190901935008000000&search_referral_url=https%3A%2F%2Fgerardallardpv.com%2Fproperties%3Fpg%3D16,Allard Realty,Land/Lot,2157378,USD,,8,,,"Discover an exceptional property located in the heart of Puerto Vallarta's highly desirable Romantic Zone! Surrounded by top-rated restaurants, boutique shops, cafés, and just minutes from the beach,",https://secure.gravatar.com/avatar/57736a2afc94af145ff19235d2065a32cedf99d36ccce4a435662ee9470ab8d5?s=96&amp;d=mm&amp;r=g,Mexico,,,,,Rent,2,Gerard Allard,https://gerardallardpv.com/idx/221-Naranjo-Casa-Naranjo-Puerto-Vallarta-JA-mls_40812?pg=16&OrderBy=-ListPrice&m=20101117190901935008000000&search_referral_url=https%3A%2F%2Fgerardallardpv.com%2Fproperties%3Fpg%3D16; https://gerardallardpv.com/idx/221-Naranjo-Casa-Naranjo-Puerto-Vallarta-JA-mls_40862?pg=16&OrderBy=-ListPrice&m=20101117190901935008000000&search_referral_url=https%3A%2F%2Fgerardallardpv.com%2Fproperties%3Fpg%3D16,Puerto Vallarta
Gerard Allard,https://www.gerardallardpv.com,,https://gerardallardpv.com/idx/03-Agulote-Casa-Abuela-Riviera-Nayarit-NA-mls_42187?pg=18&OrderBy=-ListPrice&m=20101117190901935008000000&search_referral_url=https%3A%2F%2Fgerardallardpv.com%2Fproperties%3Fpg%3D18,Allard Realty,Land/Lot,1990000,USD,,5,5000,sqft,"Located in the heart of Sayulita's tranquil North End, Casa Abuela offers a rare blend of resort-style living and the comfort and privacy of a beautifully designed home. With over 5,000 square feet of",https://secure.gravatar.com/avatar/57736a2afc94af145ff19235d2065a32cedf99d36ccce4a435662ee9470ab8d5?s=96&amp;d=mm&amp;r=g,Mexico,,,,,Rent,2,Gerard Allard,https://gerardallardpv.com/idx/03-Agulote-Casa-Abuela-Riviera-Nayarit-NA-mls_42187?pg=18&OrderBy=-ListPrice&m=20101117190901935008000000&search_referral_url=https%3A%2F%2Fgerardallardpv.com%2Fproperties%3Fpg%3D18; https://gerardallardpv.com/idx/219-Camino-a-Playa-Punta-Monterey-Villa-Papelillos-Riviera-Nayarit-NA-mls_38298?pg=18&OrderBy=-ListPrice&m=20101117190901935008000000&search_referral_url=https%3A%2F%2Fgerardallardpv.com%2Fproperties%3Fpg%3D18,Puerto Vallarta
Gerard Allard,https://www.gerardallardpv.com,,https://gerardallardpv.com/idx/55-Francisco-I-Madero-Villa-Magnolia-Riviera-Nayarit-NA-mls_42509?pg=18&OrderBy=-ListPrice&m=20101117190901935008000000&search_referral_url=https%3A%2F%2Fgerardallardpv.com%2Fproperties%3Fpg%3D18,Allard Realty,Land/Lot,1947000,USD,,5,,,"Nestled in the heart of the prestigious Zona Dorada de Bucerías, Villa Magnolia is a luxury residence that beautifully embodies contemporary Mexican design, blending architectural elegance, comfort,",https://secure.gravatar.com/avatar/57736a2afc94af145ff19235d2065a32cedf99d36ccce4a435662ee9470ab8d5?s=96&amp;d=mm&amp;r=g,Mexico,,,,,Rent,1,Gerard Allard,https://gerardallardpv.com/idx/55-Francisco-I-Madero-Villa-Magnolia-Riviera-Nayarit-NA-mls_42509?pg=18&OrderBy=-ListPrice&m=20101117190901935008000000&search_referral_url=https%3A%2F%2Fgerardallardpv.com%2Fproperties%3Fpg%3D18,Puerto Vallarta
Gerard Allard,https://www.gerardallardpv.com,,https://gerardallardpv.com/idx/478-C-Sta-Barbara-8A-Indah-8A-Puerto-Vallarta-JA-mls_43602?pg=20&OrderBy=-ListPrice&m=20101117190901935008000000&search_referral_url=https%3A%2F%2Fgerardallardpv.com%2Fproperties%3Fpg%3D20,Allard Realty,Land/Lot,1825000,USD,,3,3000,sqft,"Experience the pinnacle of coastal luxury at Indah, located in the highly sought after Conchas Chinas neighborhood, Puerto Vallarta's most exclusive enclave. Offering true resort style living, Indah s",https://secure.gravatar.com/avatar/57736a2afc94af145ff19235d2065a32cedf99d36ccce4a435662ee9470ab8d5?s=96&amp;d=mm&amp;r=g,Mexico,,,,,Rent,1,Gerard Allard,https://gerardallardpv.com/idx/478-C-Sta-Barbara-8A-Indah-8A-Puerto-Vallarta-JA-mls_43602?pg=20&OrderBy=-ListPrice&m=20101117190901935008000000&search_referral_url=https%3A%2F%2Fgerardallardpv.com%2Fproperties%3Fpg%3D20,Puerto Vallarta
Mexpat Realtors Agencia Inmobiliaria,https://mexpatrealtors.com/,,https://mexpatrealtors.com/mid-long-term-rental-listings/,Mid - Long Term Rental Listings - Mexpat Realtors,House,,,10,3,,,"Mid-Long Term Rentals 30+ Days, Review by Area Search Start Date End Date Search Nuevo Nayarit / Flamingos Bucerias Puerto Vallarta South Shore / Puerto Vallarta",https://mexpatrealtors.com/wp-content/uploads/2020/02/MEXPAT-LOGO-HIGH-DEFINITION-scaled-170x58.png; https://mexpatrealtors.com/wp-content/uploads/elementor/thumbs/1-10-scaled-rm2b6gkbz38ydjf61cy1y2naivuyh4nqv9ur4s2cz4.jpg; https://mexpatrealtors.com/wp-content/uploads/elementor/thumbs/1-2-scaled-rm3qnn9a884c8zkcqeqluffcuxqq6dogboxd40btio.jpg; https://mexpatrealtors.com/wp-content/uploads/elementor/thumbs/1-1-rhdwimr8lfh2cg6ss2s1b6692f1zzi5g5819du5nw0.jpg; https://mexpatrealtors.com/wp-content/uploads/elementor/thumbs/1-5-scaled-rm2rofqsp6cwyqmwmlxy2ooc9e7zjjphj6rlkhdb1s.jpg; https://mexpatrealtors.com/wp-content/uploads/elementor/thumbs/1-4-rm2vips23rngxls16dq4vshia0nvwknxvlr35wcbow.jpg; https://mexpatrealtors.com/wp-content/uploads/elementor/thumbs/1-7-scaled-rm2fuz2p7txjsun81787yjs8fp9wfnnddcaigm7hgw.jpg; https://mexpatrealtors.com/wp-content/uploads/elementor/thumbs/1--scaled-rm2aa9lbwd6eqc6n0xz21p3y2sjdubupfxh2elss34.jpg,Mexico,,,,,Rent,1,Mexpat Realtors Agencia Inmobiliaria,https://mexpatrealtors.com/mid-long-term-rental-listings/,Puerto Vallarta
Sergio Wong,https://www.nowproperties.mx,,https://nowproperties.mx/quartier-puerto-vallarta-condominios-playa/,QUARTIER.MX - Now Properties,House,,,2,,,,"Quartier en Puerto Vallarta: estudios y condominios de 1 a 3 recámaras con rooftop, alberca y ubicación a solo pasos de la playa y zona céntrica",https://nowproperties.mx/wp-content/uploads/GALERIA/Quartier/1.png,Mexico,,,,,Rent,1,Sergio Wong,https://nowproperties.mx/quartier-puerto-vallarta-condominios-playa/,Puerto Vallarta
Gerard Allard,https://www.gerardallardpv.com,,https://gerardallardpv.com/idx/649-y-1302-Camino-Playa-Carricitos-Playa-Carricitos-Essence-Riviera-Nayarit-NA-mls_44186?pg=1&OrderBy=-ListPrice&m=20101117190901935008000000&search_referral_url=https%3A%2F%2Fgerardallardpv.com%2Fproperties,Allard Realty,Land/Lot,13700000,USD,,,150,m2,"Nestled along the golden sands of Playa Carricitos, one of the most breathtaking beaches in the Riviera Nayarit, Playa Carricitos Essence represents a rare opportunity: to own a substantial stretch of",https://secure.gravatar.com/avatar/57736a2afc94af145ff19235d2065a32cedf99d36ccce4a435662ee9470ab8d5?s=96&amp;d=mm&amp;r=g,Mexico,Quintana Roo,Playacar,,,Unclassified,1,Gerard Allard,https://gerardallardpv.com/idx/649-y-1302-Camino-Playa-Carricitos-Playa-Carricitos-Essence-Riviera-Nayarit-NA-mls_44186?pg=1&OrderBy=-ListPrice&m=20101117190901935008000000&search_referral_url=https%3A%2F%2Fgerardallardpv.com%2Fproperties,Playa del Carmen; Puerto Vallarta; Other Riviera Maya
Gerard Allard,https://www.gerardallardpv.com,,https://gerardallardpv.com/idx/1-IYARI-Casa-Morgandez-Riviera-Nayarit-NA-mls_42548?pg=1&OrderBy=-ListPrice&m=20101117190901935008000000&search_referral_url=https%3A%2F%2Fgerardallardpv.com%2Fproperties,Allard Realty,Land/Lot,10800000,USD,,5,,,"Experience luxury and relaxation in this spectacular 5-bedroom beachfront villa on the exclusive coast of Punta Mita. This elegant retreat combines spaciousness, sophisticated design, and panoramic vi",https://secure.gravatar.com/avatar/57736a2afc94af145ff19235d2065a32cedf99d36ccce4a435662ee9470ab8d5?s=96&amp;d=mm&amp;r=g,Mexico,,,,,Unclassified,1,Gerard Allard,https://gerardallardpv.com/idx/1-IYARI-Casa-Morgandez-Riviera-Nayarit-NA-mls_42548?pg=1&OrderBy=-ListPrice&m=20101117190901935008000000&search_referral_url=https%3A%2F%2Fgerardallardpv.com%2Fproperties,Puerto Vallarta
Gerard Allard,https://www.gerardallardpv.com,,https://gerardallardpv.com/idx/12-Lagos-del-Mar-Lapa-Lapa-Riviera-Nayarit-NA-mls_44169?pg=1&OrderBy=-ListPrice&m=20101117190901935008000000&search_referral_url=https%3A%2F%2Fgerardallardpv.com%2Fproperties,Allard Realty,Land/Lot,7700000,USD,,4,8000,sqft,"Discover Casa Lapa Lapa, an unparalleled villa nestled within the prestigious Lagos del Mar community of Punta Mita, Riviera Nayarit. Crafted with an unwavering dedication to luxury, this residence se",https://secure.gravatar.com/avatar/57736a2afc94af145ff19235d2065a32cedf99d36ccce4a435662ee9470ab8d5?s=96&amp;d=mm&amp;r=g,Mexico,,,,,Unclassified,1,Gerard Allard,https://gerardallardpv.com/idx/12-Lagos-del-Mar-Lapa-Lapa-Riviera-Nayarit-NA-mls_44169?pg=1&OrderBy=-ListPrice&m=20101117190901935008000000&search_referral_url=https%3A%2F%2Fgerardallardpv.com%2Fproperties,Puerto Vallarta
Gerard Allard,https://www.gerardallardpv.com,,https://gerardallardpv.com/idx/18-C-Nanzal-Villa-Las-Vistas-Sayulita-Riviera-Nayarit-NA-mls_42313?pg=2&OrderBy=-ListPrice&m=20101117190901935008000000&search_referral_url=https%3A%2F%2Fgerardallardpv.com%2Fproperties%3Fpg%3D2,Allard Realty,Land/Lot,7299000,USD,,4,100,m2,"Villa Vistas is an architectural masterpiece-an elevated luxury estate with stunning 180-degree ocean views from Punta Mita to San Pancho. Completed in 2019 on nearly 8,000 square meters of land, the",https://secure.gravatar.com/avatar/57736a2afc94af145ff19235d2065a32cedf99d36ccce4a435662ee9470ab8d5?s=96&amp;d=mm&amp;r=g,Mexico,,,,,Unclassified,1,Gerard Allard,https://gerardallardpv.com/idx/18-C-Nanzal-Villa-Las-Vistas-Sayulita-Riviera-Nayarit-NA-mls_42313?pg=2&OrderBy=-ListPrice&m=20101117190901935008000000&search_referral_url=https%3A%2F%2Fgerardallardpv.com%2Fproperties%3Fpg%3D2,Puerto Vallarta
Gerard Allard,https://www.gerardallardpv.com,,https://gerardallardpv.com/idx/6-Carr-LaCruz-Puntade-Mita-Km-10-Casa-Tres-Reinas-Riviera-Nayarit-NA-mls_44158?pg=2&OrderBy=-ListPrice&m=20101117190901935008000000&search_referral_url=https%3A%2F%2Fgerardallardpv.com%2Fproperties%3Fpg%3D2,Allard Realty,Land/Lot,6950000,USD,,5,,,"Hermosa casa en fraccionamiento privado con acceso controlado, zona de Punta de Mita. Planta baja: garaje techado para 2 autos, entrada peatonal con reja de seguridad, estanque decorativo, dos recáma",https://secure.gravatar.com/avatar/57736a2afc94af145ff19235d2065a32cedf99d36ccce4a435662ee9470ab8d5?s=96&amp;d=mm&amp;r=g,Mexico,,,,,Unclassified,1,Gerard Allard,https://gerardallardpv.com/idx/6-Carr-LaCruz-Puntade-Mita-Km-10-Casa-Tres-Reinas-Riviera-Nayarit-NA-mls_44158?pg=2&OrderBy=-ListPrice&m=20101117190901935008000000&search_referral_url=https%3A%2F%2Fgerardallardpv.com%2Fproperties%3Fpg%3D2,Puerto Vallarta
Gerard Allard,https://www.gerardallardpv.com,,https://gerardallardpv.com/idx/122-Tulipanes-Villa-Nautica-Riviera-Nayarit-NA-mls_35842?pg=2&OrderBy=-ListPrice&m=20101117190901935008000000&search_referral_url=https%3A%2F%2Fgerardallardpv.com%2Fproperties%3Fpg%3D2,Allard Realty,Land/Lot,6590000,USD,,7,1000,m2,"Bienvenido a una exclusiva villa frente al canal, ubicada a aproximadamente 2 km en barco del océano en Riviera Nayarit, México. Esta lujosa casa a medida, diseñada por el aclamado arquitecto mexic",https://secure.gravatar.com/avatar/57736a2afc94af145ff19235d2065a32cedf99d36ccce4a435662ee9470ab8d5?s=96&amp;d=mm&amp;r=g,Mexico,,,,,Unclassified,1,Gerard Allard,https://gerardallardpv.com/idx/122-Tulipanes-Villa-Nautica-Riviera-Nayarit-NA-mls_35842?pg=2&OrderBy=-ListPrice&m=20101117190901935008000000&search_referral_url=https%3A%2F%2Fgerardallardpv.com%2Fproperties%3Fpg%3D2,Puerto Vallarta
Gerard Allard,https://www.gerardallardpv.com,,https://gerardallardpv.com/idx/Km-1-5-Carretera-Sayulita-Pazcuarito-Lote-Ochoa-Riviera-Nayarit-NA-mls_42555?pg=2&OrderBy=-ListPrice&m=20101117190901935008000000&search_referral_url=https%3A%2F%2Fgerardallardpv.com%2Fproperties%3Fpg%3D2,Allard Realty,Land/Lot,6490000,USD,,,,,"Excepcional oportunidad de desarrollo ubicada en una zona estratégica dentro del corredor turístico de mayor crecimiento entre Punta de Mita y Sayulita, a pocos minutos de playas vírgenes y frente",https://secure.gravatar.com/avatar/57736a2afc94af145ff19235d2065a32cedf99d36ccce4a435662ee9470ab8d5?s=96&amp;d=mm&amp;r=g,Mexico,,,,,Unclassified,1,Gerard Allard,https://gerardallardpv.com/idx/Km-1-5-Carretera-Sayulita-Pazcuarito-Lote-Ochoa-Riviera-Nayarit-NA-mls_42555?pg=2&OrderBy=-ListPrice&m=20101117190901935008000000&search_referral_url=https%3A%2F%2Fgerardallardpv.com%2Fproperties%3Fpg%3D2,Puerto Vallarta
Gerard Allard,https://www.gerardallardpv.com,,https://gerardallardpv.com/idx/127-SAGITARIO-VILLA-AMAPAS-SUR-Puerto-Vallarta-JA-mls_39208?pg=3&OrderBy=-ListPrice&m=20101117190901935008000000&search_referral_url=https%3A%2F%2Fgerardallardpv.com%2Fproperties%3Fpg%3D3,Allard Realty,Land/Lot,5750000,USD,,4,7000,sqft,"Villa Amapas II - South Villa Beachfront Comfort | Lower Conchas Chinas, Puerto Vallarta With a generous layout and a prime beachfront location, Villa Amapas II offers the kind of easy, indoor-out",https://secure.gravatar.com/avatar/57736a2afc94af145ff19235d2065a32cedf99d36ccce4a435662ee9470ab8d5?s=96&amp;d=mm&amp;r=g,Mexico,,,,,Unclassified,1,Gerard Allard,https://gerardallardpv.com/idx/127-SAGITARIO-VILLA-AMAPAS-SUR-Puerto-Vallarta-JA-mls_39208?pg=3&OrderBy=-ListPrice&m=20101117190901935008000000&search_referral_url=https%3A%2F%2Fgerardallardpv.com%2Fproperties%3Fpg%3D3,Puerto Vallarta
Gerard Allard,https://www.gerardallardpv.com,,https://gerardallardpv.com/idx/127-SAGITARIO-VILLA-AMAPAS-NORTE-Puerto-Vallarta-JA-mls_39211?pg=3&OrderBy=-ListPrice&m=20101117190901935008000000&search_referral_url=https%3A%2F%2Fgerardallardpv.com%2Fproperties%3Fpg%3D3,Allard Realty,Land/Lot,5500000,USD,,4,,,"Villa Amapas I - North Villa Puerto Vallarta, Lower Conchas Chinas There's a version of Puerto Vallarta that people imagine when they first fall in love with the idea of it—and this is it. Villa",https://secure.gravatar.com/avatar/57736a2afc94af145ff19235d2065a32cedf99d36ccce4a435662ee9470ab8d5?s=96&amp;d=mm&amp;r=g,Mexico,,,,,Unclassified,1,Gerard Allard,https://gerardallardpv.com/idx/127-SAGITARIO-VILLA-AMAPAS-NORTE-Puerto-Vallarta-JA-mls_39211?pg=3&OrderBy=-ListPrice&m=20101117190901935008000000&search_referral_url=https%3A%2F%2Fgerardallardpv.com%2Fproperties%3Fpg%3D3,Puerto Vallarta
Gerard Allard,https://www.gerardallardpv.com,,https://gerardallardpv.com/idx/846-Carratera-Tepic-Vallarta-1-Lote-Ramon-Riviera-Nayarit-NA-mls_39942?pg=3&OrderBy=-ListPrice&m=20101117190901935008000000&search_referral_url=https%3A%2F%2Fgerardallardpv.com%2Fproperties%3Fpg%3D3,Allard Realty,Land/Lot,5400000,USD,,72,4922,m2,"Esta propiedad, ubicada sobre la Carretera 200, entre las dos salidas a Nuevo Vallarta, cuenta con 4922 m² según el predial. Sin embargo, al estar sobre la Carretera Federal, pertenece a la Zona Fed",https://secure.gravatar.com/avatar/57736a2afc94af145ff19235d2065a32cedf99d36ccce4a435662ee9470ab8d5?s=96&amp;d=mm&amp;r=g,Mexico,,,,,Unclassified,1,Gerard Allard,https://gerardallardpv.com/idx/846-Carratera-Tepic-Vallarta-1-Lote-Ramon-Riviera-Nayarit-NA-mls_39942?pg=3&OrderBy=-ListPrice&m=20101117190901935008000000&search_referral_url=https%3A%2F%2Fgerardallardpv.com%2Fproperties%3Fpg%3D3,Puerto Vallarta
Gerard Allard,https://www.gerardallardpv.com,,https://gerardallardpv.com/idx/3B-Puntilla-Terreno-La-Puntilla-Riviera-Nayarit-NA-mls_42028?pg=3&OrderBy=-ListPrice&m=20101117190901935008000000&search_referral_url=https%3A%2F%2Fgerardallardpv.com%2Fproperties%3Fpg%3D3,Allard Realty,Land/Lot,5013000,USD,,,21739,m2,Se presenta una oportunidad excepcional y única de inversion inmobiliaria en una de las ubicaciones mas estrategicas y codiciadas de la Riviera Nayarit. Un terreno de más de 2 hectáreas ubicado e,https://secure.gravatar.com/avatar/57736a2afc94af145ff19235d2065a32cedf99d36ccce4a435662ee9470ab8d5?s=96&amp;d=mm&amp;r=g,Mexico,,,,,Unclassified,1,Gerard Allard,https://gerardallardpv.com/idx/3B-Puntilla-Terreno-La-Puntilla-Riviera-Nayarit-NA-mls_42028?pg=3&OrderBy=-ListPrice&m=20101117190901935008000000&search_referral_url=https%3A%2F%2Fgerardallardpv.com%2Fproperties%3Fpg%3D3,Puerto Vallarta
Gerard Allard,https://www.gerardallardpv.com,,https://gerardallardpv.com/idx/NA-NA-Palo-Maria-Fracciones-Puerto-Vallarta-JA-mls_41815?pg=4&OrderBy=-ListPrice&m=20101117190901935008000000&search_referral_url=https%3A%2F%2Fgerardallardpv.com%2Fproperties%3Fpg%3D4,Allard Realty,Land/Lot,4800000,USD,,,,,"Este Edén de 152 hectáreas localizado en la Sierra Madre al Sur de Puerto Vallarta cuenta con 5 cascadas en su interior, y cristalinos ríos cruzando por este paraíso. contáctanos ya mismo y neg",https://secure.gravatar.com/avatar/57736a2afc94af145ff19235d2065a32cedf99d36ccce4a435662ee9470ab8d5?s=96&amp;d=mm&amp;r=g,Mexico,,,,,Unclassified,1,Gerard Allard,https://gerardallardpv.com/idx/NA-NA-Palo-Maria-Fracciones-Puerto-Vallarta-JA-mls_41815?pg=4&OrderBy=-ListPrice&m=20101117190901935008000000&search_referral_url=https%3A%2F%2Fgerardallardpv.com%2Fproperties%3Fpg%3D4,Puerto Vallarta
Gerard Allard,https://www.gerardallardpv.com,,https://gerardallardpv.com/idx/Iyari-Villas-B8-Iyari-Riviera-Nayarit-NA-mls_40489?pg=4&OrderBy=-ListPrice&m=20101117190901935008000000&search_referral_url=https%3A%2F%2Fgerardallardpv.com%2Fproperties%3Fpg%3D4,Allard Realty,Land/Lot,4580000,USD,,4,,,"Perched on the hills of Punta Mita's north coast, Iyari Villa B8 perfectly blends comfort with an unparalleled connection to the sea. This fully furnished residence offers breathtaking panoramic views",https://secure.gravatar.com/avatar/57736a2afc94af145ff19235d2065a32cedf99d36ccce4a435662ee9470ab8d5?s=96&amp;d=mm&amp;r=g,Mexico,,,,,Unclassified,1,Gerard Allard,https://gerardallardpv.com/idx/Iyari-Villas-B8-Iyari-Riviera-Nayarit-NA-mls_40489?pg=4&OrderBy=-ListPrice&m=20101117190901935008000000&search_referral_url=https%3A%2F%2Fgerardallardpv.com%2Fproperties%3Fpg%3D4,Puerto Vallarta
Gerard Allard,https://www.gerardallardpv.com,,https://gerardallardpv.com/idx/Sin-n-mero-Sin-Nombre-Miriba-Riviera-Nayarit-NA-mls_23237?pg=4&OrderBy=-ListPrice&m=20101117190901935008000000&search_referral_url=https%3A%2F%2Fgerardallardpv.com%2Fproperties%3Fpg%3D4,Allard Realty,Land/Lot,4399000,USD,,,,,"MIRIBA, almost 300 acres of breathtaking tropical forest, with ocean and jungle views just ten minutes form Punta de Mita and the Four Seasons Punta Mita and the golf courses. Because of its size, the",https://secure.gravatar.com/avatar/57736a2afc94af145ff19235d2065a32cedf99d36ccce4a435662ee9470ab8d5?s=96&amp;d=mm&amp;r=g,Mexico,,,,,Unclassified,1,Gerard Allard,https://gerardallardpv.com/idx/Sin-n-mero-Sin-Nombre-Miriba-Riviera-Nayarit-NA-mls_23237?pg=4&OrderBy=-ListPrice&m=20101117190901935008000000&search_referral_url=https%3A%2F%2Fgerardallardpv.com%2Fproperties%3Fpg%3D4,Puerto Vallarta
Gerard Allard,https://www.gerardallardpv.com,,https://gerardallardpv.com/idx/ED-02-ACCESO-PUNTA-DE-MITA-LT-G1-3-D-203-HACIENDA-DE-MITA-203-Riviera-Nayarit-NA-mls_39755?pg=4&OrderBy=-ListPrice&m=20101117190901935008000000&search_referral_url=https%3A%2F%2Fgerardallardpv.com%2Fproperties%3Fpg%3D4,Allard Realty,Land/Lot,4200000,USD,,3,3600,sqft,"Discover Unparalleled Beachfront Luxury in Punta Mita Welcome to Hacienda De Mita, where sophisticated design meets pristine beachfront living. This completely redesigned condominium offers an exclus",https://secure.gravatar.com/avatar/57736a2afc94af145ff19235d2065a32cedf99d36ccce4a435662ee9470ab8d5?s=96&amp;d=mm&amp;r=g,Mexico,,,,,Unclassified,1,Gerard Allard,https://gerardallardpv.com/idx/ED-02-ACCESO-PUNTA-DE-MITA-LT-G1-3-D-203-HACIENDA-DE-MITA-203-Riviera-Nayarit-NA-mls_39755?pg=4&OrderBy=-ListPrice&m=20101117190901935008000000&search_referral_url=https%3A%2F%2Fgerardallardpv.com%2Fproperties%3Fpg%3D4,Puerto Vallarta
Gerard Allard,https://www.gerardallardpv.com,,https://gerardallardpv.com/idx/9-Paradise-Coves-Casa-Alta-Riviera-Nayarit-NA-mls_40398?pg=5&OrderBy=-ListPrice&m=20101117190901935008000000&search_referral_url=https%3A%2F%2Fgerardallardpv.com%2Fproperties%3Fpg%3D5,Allard Realty,Land/Lot,3950000,USD,,4,,,"Built in the tradition of old Vallarta with white walls, diamond patterned floors, airy living areas, and red tiled roofs, Casa Alta is an elegant combination of Mexican accents and modern amenities.",https://secure.gravatar.com/avatar/57736a2afc94af145ff19235d2065a32cedf99d36ccce4a435662ee9470ab8d5?s=96&amp;d=mm&amp;r=g,Mexico,,,,,Unclassified,1,Gerard Allard,https://gerardallardpv.com/idx/9-Paradise-Coves-Casa-Alta-Riviera-Nayarit-NA-mls_40398?pg=5&OrderBy=-ListPrice&m=20101117190901935008000000&search_referral_url=https%3A%2F%2Fgerardallardpv.com%2Fproperties%3Fpg%3D5,Puerto Vallarta
Gerard Allard,https://www.gerardallardpv.com,,https://gerardallardpv.com/idx/112-Rinconada-careyeros-0-Hotel-Basalto-Riviera-Nayarit-NA-mls_43596?pg=5&OrderBy=-ListPrice&m=20101117190901935008000000&search_referral_url=https%3A%2F%2Fgerardallardpv.com%2Fproperties%3Fpg%3D5,Allard Realty,Land/Lot,3800000,USD,,8285.2,770,m2,"Discover a rare investment opportunity in the heart of Riviera Nayarit. This oceanfront boutique hotel blends luxury, privacy, and contemporary design, offering an unparalleled experience in one of Me",https://secure.gravatar.com/avatar/57736a2afc94af145ff19235d2065a32cedf99d36ccce4a435662ee9470ab8d5?s=96&amp;d=mm&amp;r=g,Mexico,Quintana Roo,Playacar,,,Unclassified,1,Gerard Allard,https://gerardallardpv.com/idx/112-Rinconada-careyeros-0-Hotel-Basalto-Riviera-Nayarit-NA-mls_43596?pg=5&OrderBy=-ListPrice&m=20101117190901935008000000&search_referral_url=https%3A%2F%2Fgerardallardpv.com%2Fproperties%3Fpg%3D5,Playa del Carmen; Puerto Vallarta; Other Riviera Maya
Gerard Allard,https://www.gerardallardpv.com,,https://gerardallardpv.com/idx/N-A-Camino-a-Las-Clavellinas-Selva-Azul-Lote-18-Riviera-Nayarit-NA-mls_41518?pg=5&OrderBy=-ListPrice&m=20101117190901935008000000&search_referral_url=https%3A%2F%2Fgerardallardpv.com%2Fproperties%3Fpg%3D5,Allard Realty,Land/Lot,3625754,USD,,,13428,m2,"Large land parcel available in the exclusive Selva Azul development in San Pancho, Nayarit. This 13,428 M2 (3.3 acre) parcel is on the highest point of the development, offering spectacular oceanviews",https://secure.gravatar.com/avatar/57736a2afc94af145ff19235d2065a32cedf99d36ccce4a435662ee9470ab8d5?s=96&amp;d=mm&amp;r=g,Mexico,,,,,Unclassified,1,Gerard Allard,https://gerardallardpv.com/idx/N-A-Camino-a-Las-Clavellinas-Selva-Azul-Lote-18-Riviera-Nayarit-NA-mls_41518?pg=5&OrderBy=-ListPrice&m=20101117190901935008000000&search_referral_url=https%3A%2F%2Fgerardallardpv.com%2Fproperties%3Fpg%3D5,Puerto Vallarta
Gerard Allard,https://www.gerardallardpv.com,,https://gerardallardpv.com/idx/KM-2-Carretera-Punta-de-Mita-2-PH-2-UAVI-Riviera-Nayarit-NA-mls_30315?pg=7&OrderBy=-ListPrice&m=20101117190901935008000000&search_referral_url=https%3A%2F%2Fgerardallardpv.com%2Fproperties%3Fpg%3D7,Allard Realty,Land/Lot,3277000,USD,5,4,215000,sqft,"A PRIVATE HABITAT AMIDST THE BEAUTY OF LITIBÚ In Riviera Nayarit, within the private paradise of Litibú, UAVI is found - a community that establishes a new and exclusive lifestyle surrounded by n",https://secure.gravatar.com/avatar/57736a2afc94af145ff19235d2065a32cedf99d36ccce4a435662ee9470ab8d5?s=96&amp;d=mm&amp;r=g,Mexico,,,,,Unclassified,1,Gerard Allard,https://gerardallardpv.com/idx/KM-2-Carretera-Punta-de-Mita-2-PH-2-UAVI-Riviera-Nayarit-NA-mls_30315?pg=7&OrderBy=-ListPrice&m=20101117190901935008000000&search_referral_url=https%3A%2F%2Fgerardallardpv.com%2Fproperties%3Fpg%3D7,Puerto Vallarta
Gerard Allard,https://www.gerardallardpv.com,,https://gerardallardpv.com/idx/1423-blvd-riviera-nayarit-1-Alcatraces-Riviera-Nayarit-NA-mls_40739?pg=8&OrderBy=-ListPrice&m=20101117190901935008000000&search_referral_url=https%3A%2F%2Fgerardallardpv.com%2Fproperties%3Fpg%3D8,Allard Realty,Land/Lot,3080000,USD,,11,,,"Local comercial RESTAURANTE, ubicado en el excelente y sofisticado Nuevo Nayarit. Planta baja incluye: ingreso principal y secundario, terraza, recibidor, Area de comensales, jardin, baños, bar, area",https://secure.gravatar.com/avatar/57736a2afc94af145ff19235d2065a32cedf99d36ccce4a435662ee9470ab8d5?s=96&amp;d=mm&amp;r=g,Mexico,,,,,Unclassified,1,Gerard Allard,https://gerardallardpv.com/idx/1423-blvd-riviera-nayarit-1-Alcatraces-Riviera-Nayarit-NA-mls_40739?pg=8&OrderBy=-ListPrice&m=20101117190901935008000000&search_referral_url=https%3A%2F%2Fgerardallardpv.com%2Fproperties%3Fpg%3D8,Puerto Vallarta
Gerard Allard,https://www.gerardallardpv.com,,https://gerardallardpv.com/idx/KM-2-Carretera-Punta-de-Mita-5-501-UAVI-Riviera-Nayarit-NA-mls_30295?pg=8&OrderBy=-ListPrice&m=20101117190901935008000000&search_referral_url=https%3A%2F%2Fgerardallardpv.com%2Fproperties%3Fpg%3D8,Allard Realty,Land/Lot,2998000,USD,5,5,215000,sqft,"A PRIVATE HABITAT AMIDST THE BEAUTY OF LITIBÚ In Riviera Nayarit, within the private paradise of Litibú, UAVI is found - a community that establishes a new and exclusive lifestyle surrounded by n",https://secure.gravatar.com/avatar/57736a2afc94af145ff19235d2065a32cedf99d36ccce4a435662ee9470ab8d5?s=96&amp;d=mm&amp;r=g,Mexico,,,,,Unclassified,1,Gerard Allard,https://gerardallardpv.com/idx/KM-2-Carretera-Punta-de-Mita-5-501-UAVI-Riviera-Nayarit-NA-mls_30295?pg=8&OrderBy=-ListPrice&m=20101117190901935008000000&search_referral_url=https%3A%2F%2Fgerardallardpv.com%2Fproperties%3Fpg%3D8,Puerto Vallarta
Gerard Allard,https://www.gerardallardpv.com,,https://gerardallardpv.com/idx/Las-Palmas-Villas-25-Las-Palmas-Riviera-Nayarit-NA-mls_40416?pg=8&OrderBy=-ListPrice&m=20101117190901935008000000&search_referral_url=https%3A%2F%2Fgerardallardpv.com%2Fproperties%3Fpg%3D8,Allard Realty,Land/Lot,2995000,USD,,4,,,"Where coastal elegance meets effortless living Experience the essence of Punta Mita in this beautifully appointed two-story villa, blending contemporary design with the relaxed sophistication of co",https://secure.gravatar.com/avatar/57736a2afc94af145ff19235d2065a32cedf99d36ccce4a435662ee9470ab8d5?s=96&amp;d=mm&amp;r=g,Mexico,,,,,Unclassified,1,Gerard Allard,https://gerardallardpv.com/idx/Las-Palmas-Villas-25-Las-Palmas-Riviera-Nayarit-NA-mls_40416?pg=8&OrderBy=-ListPrice&m=20101117190901935008000000&search_referral_url=https%3A%2F%2Fgerardallardpv.com%2Fproperties%3Fpg%3D8,Puerto Vallarta
Gerard Allard,https://www.gerardallardpv.com,,https://gerardallardpv.com/idx/KM-2-Carretera-Punta-de-Mita-1-PG-1-UAVI-Riviera-Nayarit-NA-mls_30300?pg=8&OrderBy=-ListPrice&m=20101117190901935008000000&search_referral_url=https%3A%2F%2Fgerardallardpv.com%2Fproperties%3Fpg%3D8,Allard Realty,Land/Lot,2990000,USD,5,4,215000,sqft,"A PRIVATE HABITAT AMIDST THE BEAUTY OF LITIBÚ In Riviera Nayarit, within the private paradise of Litibú, UAVI is found - a community that establishes a new and exclusive lifestyle surrounded by n",https://secure.gravatar.com/avatar/57736a2afc94af145ff19235d2065a32cedf99d36ccce4a435662ee9470ab8d5?s=96&amp;d=mm&amp;r=g,Mexico,,,,,Unclassified,1,Gerard Allard,https://gerardallardpv.com/idx/KM-2-Carretera-Punta-de-Mita-1-PG-1-UAVI-Riviera-Nayarit-NA-mls_30300?pg=8&OrderBy=-ListPrice&m=20101117190901935008000000&search_referral_url=https%3A%2F%2Fgerardallardpv.com%2Fproperties%3Fpg%3D8,Puerto Vallarta
Gerard Allard,https://www.gerardallardpv.com,,https://gerardallardpv.com/idx/864-CARR-A-BARRA-DE-NAVIDAD-10-VILLAS-BANDERAS-PH-Puerto-Vallarta-JA-mls_40693?pg=9&OrderBy=-ListPrice&m=20101117190901935008000000&search_referral_url=https%3A%2F%2Fgerardallardpv.com%2Fproperties%3Fpg%3D9,Allard Realty,Land/Lot,2950000,USD,5,5,13000,sqft,"Disfrute la vista panoramica de la playa Conchas Chinas y la oportunidad unica de adquirir el penthouse mas grande de Puerto Vallarta. Con mas de 13,000 pies cuadrados, esta propiedad cuenta con 5 rec",https://secure.gravatar.com/avatar/57736a2afc94af145ff19235d2065a32cedf99d36ccce4a435662ee9470ab8d5?s=96&amp;d=mm&amp;r=g,Mexico,,,,,Unclassified,1,Gerard Allard,https://gerardallardpv.com/idx/864-CARR-A-BARRA-DE-NAVIDAD-10-VILLAS-BANDERAS-PH-Puerto-Vallarta-JA-mls_40693?pg=9&OrderBy=-ListPrice&m=20101117190901935008000000&search_referral_url=https%3A%2F%2Fgerardallardpv.com%2Fproperties%3Fpg%3D9,Puerto Vallarta
Gerard Allard,https://www.gerardallardpv.com,,https://gerardallardpv.com/idx/539-Calle-Matamoros-NAWALLI-PUERTO-VALLARTA-Puerto-Vallarta-JA-mls_41484?pg=9&OrderBy=-ListPrice&m=20101117190901935008000000&search_referral_url=https%3A%2F%2Fgerardallardpv.com%2Fproperties%3Fpg%3D9,Allard Realty,Land/Lot,2950000,USD,9,9,408.92,m2,"Nawalli- Puerto Vallarta is an expansive home with 9 bedrooms, each with an En Suite bathroom. The Casa is spread over 408.92 m² on a 319.62 m² lot. Our oceanview suites are decorated in an elegant",https://secure.gravatar.com/avatar/57736a2afc94af145ff19235d2065a32cedf99d36ccce4a435662ee9470ab8d5?s=96&amp;d=mm&amp;r=g,Mexico,,,,,Unclassified,1,Gerard Allard,https://gerardallardpv.com/idx/539-Calle-Matamoros-NAWALLI-PUERTO-VALLARTA-Puerto-Vallarta-JA-mls_41484?pg=9&OrderBy=-ListPrice&m=20101117190901935008000000&search_referral_url=https%3A%2F%2Fgerardallardpv.com%2Fproperties%3Fpg%3D9,Puerto Vallarta
Gerard Allard,https://www.gerardallardpv.com,,https://gerardallardpv.com/idx/165-Lisboa-Hacienda-Mosaico-Puerto-Vallarta-JA-mls_44458?pg=9&OrderBy=-ListPrice&m=20101117190901935008000000&search_referral_url=https%3A%2F%2Fgerardallardpv.com%2Fproperties%3Fpg%3D9,Allard Realty,Land/Lot,2900000,USD,2,8,1987.77,m2,"A Hidden Oasis in the heart of Vallarta's fastest growing community . An extraordinary 1,987.77 M2 fully walled lot of meandering mature gardens and fruit trees fronting on two streets . Opening",https://secure.gravatar.com/avatar/57736a2afc94af145ff19235d2065a32cedf99d36ccce4a435662ee9470ab8d5?s=96&amp;d=mm&amp;r=g,Mexico,,,,,Unclassified,1,Gerard Allard,https://gerardallardpv.com/idx/165-Lisboa-Hacienda-Mosaico-Puerto-Vallarta-JA-mls_44458?pg=9&OrderBy=-ListPrice&m=20101117190901935008000000&search_referral_url=https%3A%2F%2Fgerardallardpv.com%2Fproperties%3Fpg%3D9,Puerto Vallarta
Gerard Allard,https://www.gerardallardpv.com,,https://gerardallardpv.com/idx/KM-2-Carretera-Punta-de-Mita-2-PG-2-UAVI-Riviera-Nayarit-NA-mls_29930?pg=9&OrderBy=-ListPrice&m=20101117190901935008000000&search_referral_url=https%3A%2F%2Fgerardallardpv.com%2Fproperties%3Fpg%3D9,Allard Realty,Land/Lot,2899850,USD,5,4,215000,sqft,"A PRIVATE HABITAT AMIDST THE BEAUTY OF LITIBÚ In Riviera Nayarit, within the private paradise of Litibú, UAVI is found - a community that establishes a new and exclusive lifestyle surrounded by n",https://secure.gravatar.com/avatar/57736a2afc94af145ff19235d2065a32cedf99d36ccce4a435662ee9470ab8d5?s=96&amp;d=mm&amp;r=g,Mexico,,,,,Unclassified,1,Gerard Allard,https://gerardallardpv.com/idx/KM-2-Carretera-Punta-de-Mita-2-PG-2-UAVI-Riviera-Nayarit-NA-mls_29930?pg=9&OrderBy=-ListPrice&m=20101117190901935008000000&search_referral_url=https%3A%2F%2Fgerardallardpv.com%2Fproperties%3Fpg%3D9,Puerto Vallarta
Gerard Allard,https://www.gerardallardpv.com,,https://gerardallardpv.com/idx/KM-2-Carretera-Punta-de-Mita-5-401-UAVI-Riviera-Nayarit-NA-mls_29912?pg=9&OrderBy=-ListPrice&m=20101117190901935008000000&search_referral_url=https%3A%2F%2Fgerardallardpv.com%2Fproperties%3Fpg%3D9,Allard Realty,Land/Lot,2865000,USD,5,5,215000,sqft,"A PRIVATE HABITAT AMIDST THE BEAUTY OF LITIBÚ In Riviera Nayarit, within the private paradise of Litibú, UAVI is found - a community that establishes a new and exclusive lifestyle surrounded by n",https://secure.gravatar.com/avatar/57736a2afc94af145ff19235d2065a32cedf99d36ccce4a435662ee9470ab8d5?s=96&amp;d=mm&amp;r=g,Mexico,,,,,Unclassified,1,Gerard Allard,https://gerardallardpv.com/idx/KM-2-Carretera-Punta-de-Mita-5-401-UAVI-Riviera-Nayarit-NA-mls_29912?pg=9&OrderBy=-ListPrice&m=20101117190901935008000000&search_referral_url=https%3A%2F%2Fgerardallardpv.com%2Fproperties%3Fpg%3D9,Puerto Vallarta
Gerard Allard,https://www.gerardallardpv.com,,https://gerardallardpv.com/idx/KM-2-Carretera-Punta-de-Mita-3-301-UAVI-Riviera-Nayarit-NA-mls_29946?pg=10&OrderBy=-ListPrice&m=20101117190901935008000000&search_referral_url=https%3A%2F%2Fgerardallardpv.com%2Fproperties%3Fpg%3D10,Allard Realty,Land/Lot,2840000,USD,5,4,215000,sqft,"A PRIVATE HABITAT AMIDST THE BEAUTY OF LITIBÚ In Riviera Nayarit, within the private paradise of Litibú, UAVI is found - a community that establishes a new and exclusive lifestyle surrounded by n",https://secure.gravatar.com/avatar/57736a2afc94af145ff19235d2065a32cedf99d36ccce4a435662ee9470ab8d5?s=96&amp;d=mm&amp;r=g,Mexico,,,,,Unclassified,1,Gerard Allard,https://gerardallardpv.com/idx/KM-2-Carretera-Punta-de-Mita-3-301-UAVI-Riviera-Nayarit-NA-mls_29946?pg=10&OrderBy=-ListPrice&m=20101117190901935008000000&search_referral_url=https%3A%2F%2Fgerardallardpv.com%2Fproperties%3Fpg%3D10,Puerto Vallarta
Gerard Allard,https://www.gerardallardpv.com,,https://gerardallardpv.com/idx/KM-2-Carretera-Punta-de-Mita-2-302-UAVI-Riviera-Nayarit-NA-mls_29941?pg=10&OrderBy=-ListPrice&m=20101117190901935008000000&search_referral_url=https%3A%2F%2Fgerardallardpv.com%2Fproperties%3Fpg%3D10,Allard Realty,Land/Lot,2801000,USD,5,4,215000,sqft,"A PRIVATE HABITAT AMIDST THE BEAUTY OF LITIBÚ In Riviera Nayarit, within the private paradise of Litibú, UAVI is found - a community that establishes a new and exclusive lifestyle surrounded by n",https://secure.gravatar.com/avatar/57736a2afc94af145ff19235d2065a32cedf99d36ccce4a435662ee9470ab8d5?s=96&amp;d=mm&amp;r=g,Mexico,,,,,Unclassified,1,Gerard Allard,https://gerardallardpv.com/idx/KM-2-Carretera-Punta-de-Mita-2-302-UAVI-Riviera-Nayarit-NA-mls_29941?pg=10&OrderBy=-ListPrice&m=20101117190901935008000000&search_referral_url=https%3A%2F%2Fgerardallardpv.com%2Fproperties%3Fpg%3D10,Puerto Vallarta
Gerard Allard,https://www.gerardallardpv.com,,https://gerardallardpv.com/idx/KM-2-Carretera-Punta-de-Mita-3-302-UAVI-Riviera-Nayarit-NA-mls_29948?pg=10&OrderBy=-ListPrice&m=20101117190901935008000000&search_referral_url=https%3A%2F%2Fgerardallardpv.com%2Fproperties%3Fpg%3D10,Allard Realty,Land/Lot,2736000,USD,5,4,215000,sqft,"A PRIVATE HABITAT AMIDST THE BEAUTY OF LITIBÚ In Riviera Nayarit, within the private paradise of Litibú, UAVI is found - a community that establishes a new and exclusive lifestyle surrounded by n",https://secure.gravatar.com/avatar/57736a2afc94af145ff19235d2065a32cedf99d36ccce4a435662ee9470ab8d5?s=96&amp;d=mm&amp;r=g,Mexico,,,,,Unclassified,1,Gerard Allard,https://gerardallardpv.com/idx/KM-2-Carretera-Punta-de-Mita-3-302-UAVI-Riviera-Nayarit-NA-mls_29948?pg=10&OrderBy=-ListPrice&m=20101117190901935008000000&search_referral_url=https%3A%2F%2Fgerardallardpv.com%2Fproperties%3Fpg%3D10,Puerto Vallarta
Gerard Allard,https://www.gerardallardpv.com,,https://gerardallardpv.com/idx/KM-2-Carretera-Punta-de-Mita-2-201-UAVI-Riviera-Nayarit-NA-mls_29933?pg=11&OrderBy=-ListPrice&m=20101117190901935008000000&search_referral_url=https%3A%2F%2Fgerardallardpv.com%2Fproperties%3Fpg%3D11,Allard Realty,Land/Lot,2671000,USD,5,4,215000,sqft,"A PRIVATE HABITAT AMIDST THE BEAUTY OF LITIBÚ In Riviera Nayarit, within the private paradise of Litibú, UAVI is found - a community that establishes a new and exclusive lifestyle surrounded by n",https://secure.gravatar.com/avatar/57736a2afc94af145ff19235d2065a32cedf99d36ccce4a435662ee9470ab8d5?s=96&amp;d=mm&amp;r=g,Mexico,,,,,Unclassified,1,Gerard Allard,https://gerardallardpv.com/idx/KM-2-Carretera-Punta-de-Mita-2-201-UAVI-Riviera-Nayarit-NA-mls_29933?pg=11&OrderBy=-ListPrice&m=20101117190901935008000000&search_referral_url=https%3A%2F%2Fgerardallardpv.com%2Fproperties%3Fpg%3D11,Puerto Vallarta
Gerard Allard,https://www.gerardallardpv.com,,https://gerardallardpv.com/idx/KM-2-Carretera-Punta-de-Mita-3-202-UAVI-Riviera-Nayarit-NA-mls_29944?pg=12&OrderBy=-ListPrice&m=20101117190901935008000000&search_referral_url=https%3A%2F%2Fgerardallardpv.com%2Fproperties%3Fpg%3D12,Allard Realty,Land/Lot,2606000,USD,5,4,215000,sqft,"A PRIVATE HABITAT AMIDST THE BEAUTY OF LITIBÚ In Riviera Nayarit, within the private paradise of Litibú, UAVI is found - a community that establishes a new and exclusive lifestyle surrounded by n",https://secure.gravatar.com/avatar/57736a2afc94af145ff19235d2065a32cedf99d36ccce4a435662ee9470ab8d5?s=96&amp;d=mm&amp;r=g,Mexico,,,,,Unclassified,1,Gerard Allard,https://gerardallardpv.com/idx/KM-2-Carretera-Punta-de-Mita-3-202-UAVI-Riviera-Nayarit-NA-mls_29944?pg=12&OrderBy=-ListPrice&m=20101117190901935008000000&search_referral_url=https%3A%2F%2Fgerardallardpv.com%2Fproperties%3Fpg%3D12,Puerto Vallarta
Gerard Allard,https://www.gerardallardpv.com,,https://gerardallardpv.com/idx/N-A-C-Sabalo-Painted-ponies-Riviera-Nayarit-NA-mls_33976?pg=12&OrderBy=-ListPrice&m=20101117190901935008000000&search_referral_url=https%3A%2F%2Fgerardallardpv.com%2Fproperties%3Fpg%3D12,Allard Realty,Land/Lot,2600000,USD,,4,6000,sqft,"Villa Painted Ponies is located on the tranquil north side of Sayulita. This exquisite 4-bedroom / 5-bath home is nearly 6,000 sq ft of luxury construction. This home has some of the best views in Say",https://secure.gravatar.com/avatar/57736a2afc94af145ff19235d2065a32cedf99d36ccce4a435662ee9470ab8d5?s=96&amp;d=mm&amp;r=g,Mexico,,,,,Unclassified,4,Gerard Allard,https://gerardallardpv.com/idx/118-Santa-Barbara-Casa-Redonda-Puerto-Vallarta-JA-mls_40984?pg=12&OrderBy=-ListPrice&m=20101117190901935008000000&search_referral_url=https%3A%2F%2Fgerardallardpv.com%2Fproperties%3Fpg%3D12; https://gerardallardpv.com/idx/2477-Zona-Hotelera-GH101-Grand-Venetian-Puerto-Vallarta-JA-mls_43503?pg=12&OrderBy=-ListPrice&m=20101117190901935008000000&search_referral_url=https%3A%2F%2Fgerardallardpv.com%2Fproperties%3Fpg%3D12; https://gerardallardpv.com/idx/777-Carretera-a-Barra-de-Navidad-1-Villa-Francisco-Puerto-Vallarta-JA-mls_38427?pg=12&OrderBy=-ListPrice&m=20101117190901935008000000&search_referral_url=https%3A%2F%2Fgerardallardpv.com%2Fproperties%3Fpg%3D12; https://gerardallardpv.com/idx/N-A-C-Sabalo-Painted-ponies-Riviera-Nayarit-NA-mls_33976?pg=12&OrderBy=-ListPrice&m=20101117190901935008000000&search_referral_url=https%3A%2F%2Fgerardallardpv.com%2Fproperties%3Fpg%3D12,Puerto Vallarta
Gerard Allard,https://www.gerardallardpv.com,,https://gerardallardpv.com/idx/KM-2-Carretera-Punta-de-Mita-2-202-UAVI-Riviera-Nayarit-NA-mls_29937?pg=12&OrderBy=-ListPrice&m=20101117190901935008000000&search_referral_url=https%3A%2F%2Fgerardallardpv.com%2Fproperties%3Fpg%3D12,Allard Realty,Land/Lot,2561000,USD,5,4,215000,sqft,"A PRIVATE HABITAT AMIDST THE BEAUTY OF LITIBÚ In Riviera Nayarit, within the private paradise of Litibú, UAVI is found - a community that establishes a new and exclusive lifestyle surrounded by n",https://secure.gravatar.com/avatar/57736a2afc94af145ff19235d2065a32cedf99d36ccce4a435662ee9470ab8d5?s=96&amp;d=mm&amp;r=g,Mexico,,,,,Unclassified,1,Gerard Allard,https://gerardallardpv.com/idx/KM-2-Carretera-Punta-de-Mita-2-202-UAVI-Riviera-Nayarit-NA-mls_29937?pg=12&OrderBy=-ListPrice&m=20101117190901935008000000&search_referral_url=https%3A%2F%2Fgerardallardpv.com%2Fproperties%3Fpg%3D12,Puerto Vallarta
Gerard Allard,https://www.gerardallardpv.com,,https://gerardallardpv.com/idx/S-N-Av-Palma-Real-S-N-Fraccion-D-Lote-Central-Puerto-Vallarta-JA-mls_44337?pg=12&OrderBy=-ListPrice&m=20101117190901935008000000&search_referral_url=https%3A%2F%2Fgerardallardpv.com%2Fproperties%3Fpg%3D12,Allard Realty,Land/Lot,2560000,USD,,,11200,m2,"--- ENGLISH BELOW --- ¡Oportunidad extraordinaria! Terreno frente a la Terminal Vallarta Plus, ideal para desarrollo con potencial de construcción de más de 11,200 m² en una ubicación inmejorable",https://secure.gravatar.com/avatar/57736a2afc94af145ff19235d2065a32cedf99d36ccce4a435662ee9470ab8d5?s=96&amp;d=mm&amp;r=g,Mexico,,,,,Unclassified,1,Gerard Allard,https://gerardallardpv.com/idx/S-N-Av-Palma-Real-S-N-Fraccion-D-Lote-Central-Puerto-Vallarta-JA-mls_44337?pg=12&OrderBy=-ListPrice&m=20101117190901935008000000&search_referral_url=https%3A%2F%2Fgerardallardpv.com%2Fproperties%3Fpg%3D12,Puerto Vallarta
Gerard Allard,https://www.gerardallardpv.com,,https://gerardallardpv.com/idx/32-Punta-del-Burro-Casa-Georgia-Riviera-Nayarit-NA-mls_42745?pg=13&OrderBy=-ListPrice&m=20101117190901935008000000&search_referral_url=https%3A%2F%2Fgerardallardpv.com%2Fproperties%3Fpg%3D13,Allard Realty,Land/Lot,2500000,USD,4,4,6900,sqft,"4 bedrooms, 4 and ½ bath Mediterranean Style Beauty located on Punta Mita Surf Break. 6,900 square feet of construction on nearly ¼ acre corner lot. Private access to the beach is mere steps",https://secure.gravatar.com/avatar/57736a2afc94af145ff19235d2065a32cedf99d36ccce4a435662ee9470ab8d5?s=96&amp;d=mm&amp;r=g,Mexico,,,,,Unclassified,1,Gerard Allard,https://gerardallardpv.com/idx/32-Punta-del-Burro-Casa-Georgia-Riviera-Nayarit-NA-mls_42745?pg=13&OrderBy=-ListPrice&m=20101117190901935008000000&search_referral_url=https%3A%2F%2Fgerardallardpv.com%2Fproperties%3Fpg%3D13,Puerto Vallarta
Gerard Allard,https://www.gerardallardpv.com,,https://gerardallardpv.com/idx/111-Sierra-Escondida-VILLA-GALE-Puerto-Vallarta-JA-mls_42782?pg=13&OrderBy=-ListPrice&m=20101117190901935008000000&search_referral_url=https%3A%2F%2Fgerardallardpv.com%2Fproperties%3Fpg%3D13,Allard Realty,Land/Lot,2400000,USD,5,5,,,"Nestled in the prestigious Sierra Del Mar Residencial in Puerto Vallarta, this exceptional hacienda-style residence features 5 bedrooms, 5 1/2 bathrooms, and breathtaking ocean views. The spacious int",https://secure.gravatar.com/avatar/57736a2afc94af145ff19235d2065a32cedf99d36ccce4a435662ee9470ab8d5?s=96&amp;d=mm&amp;r=g,Mexico,,,,,Unclassified,1,Gerard Allard,https://gerardallardpv.com/idx/111-Sierra-Escondida-VILLA-GALE-Puerto-Vallarta-JA-mls_42782?pg=13&OrderBy=-ListPrice&m=20101117190901935008000000&search_referral_url=https%3A%2F%2Fgerardallardpv.com%2Fproperties%3Fpg%3D13,Puerto Vallarta
Gerard Allard,https://www.gerardallardpv.com,,https://gerardallardpv.com/idx/2477-Francisco-Medina-Ascencio-Tower-2-PH1-03-Penthouse-Top-2-Floors-Puerto-Vallarta-JA-mls_44636?pg=13&OrderBy=-ListPrice&m=20101117190901935008000000&search_referral_url=https%3A%2F%2Fgerardallardpv.com%2Fproperties%3Fpg%3D13,Allard Realty,Land/Lot,2400000,USD,,5,,,"Espanol abajo. Experience one of the most extraordinary beachfront penthouses in Puerto Vallarta. Occupying the top two floors of the highly sought-after Grand Venetian Tower 2000, this spectacular r",https://secure.gravatar.com/avatar/57736a2afc94af145ff19235d2065a32cedf99d36ccce4a435662ee9470ab8d5?s=96&amp;d=mm&amp;r=g,Mexico,,,,,Unclassified,1,Gerard Allard,https://gerardallardpv.com/idx/2477-Francisco-Medina-Ascencio-Tower-2-PH1-03-Penthouse-Top-2-Floors-Puerto-Vallarta-JA-mls_44636?pg=13&OrderBy=-ListPrice&m=20101117190901935008000000&search_referral_url=https%3A%2F%2Fgerardallardpv.com%2Fproperties%3Fpg%3D13,Puerto Vallarta
Gerard Allard,https://www.gerardallardpv.com,,https://gerardallardpv.com/idx/KM2-5-Carr-Barra-de-Navidad-Villa-Azul-Celeste-Puerto-Vallarta-JA-mls_44079?pg=14&OrderBy=-ListPrice&m=20101117190901935008000000&search_referral_url=https%3A%2F%2Fgerardallardpv.com%2Fproperties%3Fpg%3D14,Allard Realty,Land/Lot,2350000,USD,3,3,379,m2,"English below<p> Elegancia Frente al Mar en la Codiciada Costa Sur de Puerto Vallarta Ubicada directamente sobre el Oceano Pacífico en la prestigiosa Costa Sur de Puerto Vallarta, Villa Azul Celest",https://secure.gravatar.com/avatar/57736a2afc94af145ff19235d2065a32cedf99d36ccce4a435662ee9470ab8d5?s=96&amp;d=mm&amp;r=g,Mexico,,,,,Unclassified,1,Gerard Allard,https://gerardallardpv.com/idx/KM2-5-Carr-Barra-de-Navidad-Villa-Azul-Celeste-Puerto-Vallarta-JA-mls_44079?pg=14&OrderBy=-ListPrice&m=20101117190901935008000000&search_referral_url=https%3A%2F%2Fgerardallardpv.com%2Fproperties%3Fpg%3D14,Puerto Vallarta
Gerard Allard,https://www.gerardallardpv.com,,https://gerardallardpv.com/idx/248-Calle-Gardenia-507-508-Avalon-Residence-Spa-Puerto-Vallarta-JA-mls_37858?pg=15&OrderBy=-ListPrice&m=20101117190901935008000000&search_referral_url=https%3A%2F%2Fgerardallardpv.com%2Fproperties%3Fpg%3D15,Allard Realty,Land/Lot,2290000,USD,,4,,,"AVALON 507-508 is located in the stunning hills of Amapas on the south shore of Puerto Vallarta. This double unit is located in the main tower of the complex, enjoys incredible views from the lovely",https://secure.gravatar.com/avatar/57736a2afc94af145ff19235d2065a32cedf99d36ccce4a435662ee9470ab8d5?s=96&amp;d=mm&amp;r=g,Mexico,,,,,Unclassified,1,Gerard Allard,https://gerardallardpv.com/idx/248-Calle-Gardenia-507-508-Avalon-Residence-Spa-Puerto-Vallarta-JA-mls_37858?pg=15&OrderBy=-ListPrice&m=20101117190901935008000000&search_referral_url=https%3A%2F%2Fgerardallardpv.com%2Fproperties%3Fpg%3D15,Puerto Vallarta
Gerard Allard,https://www.gerardallardpv.com,,https://gerardallardpv.com/idx/2-Sierra-Encantada-Sierra-del-Mar-Casa-Encantada-Puerto-Vallarta-JA-mls_39752?pg=15&OrderBy=-ListPrice&m=20101117190901935008000000&search_referral_url=https%3A%2F%2Fgerardallardpv.com%2Fproperties%3Fpg%3D15,Allard Realty,Land/Lot,2200000,USD,5,5,930,m2,"[ENGLISH BELOW] LA CASA ENCANTADA en Sierra del Mar, Puerto Vallarta, suena como una propiedad verdaderamente extraordinaria con su rica historia y características impresionantes. Aquí algunas. * U",https://secure.gravatar.com/avatar/57736a2afc94af145ff19235d2065a32cedf99d36ccce4a435662ee9470ab8d5?s=96&amp;d=mm&amp;r=g,Mexico,,,,,Unclassified,2,Gerard Allard,https://gerardallardpv.com/idx/2-Sierra-Encantada-Sierra-del-Mar-Casa-Encantada-Puerto-Vallarta-JA-mls_39752?pg=15&OrderBy=-ListPrice&m=20101117190901935008000000&search_referral_url=https%3A%2F%2Fgerardallardpv.com%2Fproperties%3Fpg%3D15; https://gerardallardpv.com/idx/KM-2-Carretera-Punta-de-Mita-4-501-UAVI-Riviera-Nayarit-NA-mls_30293?pg=16&OrderBy=-ListPrice&m=20101117190901935008000000&search_referral_url=https%3A%2F%2Fgerardallardpv.com%2Fproperties%3Fpg%3D16,Puerto Vallarta
Gerard Allard,https://www.gerardallardpv.com,,https://gerardallardpv.com/idx/174-Jacarandas-Villa-Los-Abuelos-Riviera-Nayarit-NA-mls_42272?pg=16&OrderBy=-ListPrice&m=20101117190901935008000000&search_referral_url=https%3A%2F%2Fgerardallardpv.com%2Fproperties%3Fpg%3D16,Allard Realty,Land/Lot,2150000,USD,3,3,100,m2,"Waterfront/Canal Home in Fraccionamiento Nautico Nuevo Vallarta, at Riviera Nayarit Imagine waking up to waterfront living! This spectacular residence on the Nuevo Vallarta canal (Villa II) offers th",https://secure.gravatar.com/avatar/57736a2afc94af145ff19235d2065a32cedf99d36ccce4a435662ee9470ab8d5?s=96&amp;d=mm&amp;r=g,Mexico,,,,,Unclassified,1,Gerard Allard,https://gerardallardpv.com/idx/174-Jacarandas-Villa-Los-Abuelos-Riviera-Nayarit-NA-mls_42272?pg=16&OrderBy=-ListPrice&m=20101117190901935008000000&search_referral_url=https%3A%2F%2Fgerardallardpv.com%2Fproperties%3Fpg%3D16,Puerto Vallarta
Gerard Allard,https://www.gerardallardpv.com,,https://gerardallardpv.com/idx/65-paseo-los-cocoteros-ph10-Maritima-Riviera-Nayarit-NA-mls_40151?pg=16&OrderBy=-ListPrice&m=20101117190901935008000000&search_referral_url=https%3A%2F%2Fgerardallardpv.com%2Fproperties%3Fpg%3D16,Allard Realty,Land/Lot,2135135,USD,6,6,329,m2,"Beautiful Penthouse Beachfront In Flamingos Nuevo Vallarta with 6 bedrooms, 5 bathrooms and 4 deeded parking lots. The property have 329 m2 in total with high ceilings. The complex Maritima have many",https://secure.gravatar.com/avatar/57736a2afc94af145ff19235d2065a32cedf99d36ccce4a435662ee9470ab8d5?s=96&amp;d=mm&amp;r=g,Mexico,,,,,Unclassified,1,Gerard Allard,https://gerardallardpv.com/idx/65-paseo-los-cocoteros-ph10-Maritima-Riviera-Nayarit-NA-mls_40151?pg=16&OrderBy=-ListPrice&m=20101117190901935008000000&search_referral_url=https%3A%2F%2Fgerardallardpv.com%2Fproperties%3Fpg%3D16,Puerto Vallarta
Gerard Allard,https://www.gerardallardpv.com,,https://gerardallardpv.com/idx/Manzana-4-Zona-12-Lote-9-Boca-de-Tomatlan-Puerto-Vallarta-JA-mls_40456?pg=17&OrderBy=-ListPrice&m=20101117190901935008000000&search_referral_url=https%3A%2F%2Fgerardallardpv.com%2Fproperties%3Fpg%3D17,Allard Realty,Land/Lot,2068420,USD,,,2823,m2,"Lote Frente al Mar en Boca de Tomatlán, Puerto Vallarta - 2,823 m² Disfruta del equilibrio perfecto entre selva y océano en esta excepcional propiedad frente a la playa. Experimenta privacidad,",https://secure.gravatar.com/avatar/57736a2afc94af145ff19235d2065a32cedf99d36ccce4a435662ee9470ab8d5?s=96&amp;d=mm&amp;r=g,Mexico,,,,,Unclassified,1,Gerard Allard,https://gerardallardpv.com/idx/Manzana-4-Zona-12-Lote-9-Boca-de-Tomatlan-Puerto-Vallarta-JA-mls_40456?pg=17&OrderBy=-ListPrice&m=20101117190901935008000000&search_referral_url=https%3A%2F%2Fgerardallardpv.com%2Fproperties%3Fpg%3D17,Puerto Vallarta
Gerard Allard,https://www.gerardallardpv.com,,https://gerardallardpv.com/idx/24-Carretera-Cruz-de-Huanacaxtle-Ave-de-Mar-Riviera-Nayarit-NA-mls_43440?pg=18&OrderBy=-ListPrice&m=20101117190901935008000000&search_referral_url=https%3A%2F%2Fgerardallardpv.com%2Fproperties%3Fpg%3D18,Allard Realty,Land/Lot,1950000,USD,4,5,659,m2,"Ubicada dentro de la exclusiva comunidad privada de La Playa Estates, en la prestigiosa zona de Punta de Mita, Casa Ave de Mar ofrece una experiencia residencial que combina elegancia contemporánea c",https://secure.gravatar.com/avatar/57736a2afc94af145ff19235d2065a32cedf99d36ccce4a435662ee9470ab8d5?s=96&amp;d=mm&amp;r=g,Mexico,,,,,Unclassified,1,Gerard Allard,https://gerardallardpv.com/idx/24-Carretera-Cruz-de-Huanacaxtle-Ave-de-Mar-Riviera-Nayarit-NA-mls_43440?pg=18&OrderBy=-ListPrice&m=20101117190901935008000000&search_referral_url=https%3A%2F%2Fgerardallardpv.com%2Fproperties%3Fpg%3D18,Puerto Vallarta
Gerard Allard,https://www.gerardallardpv.com,,https://gerardallardpv.com/idx/19-Del-Pacifico-Ave-802-Pacific-Tower-Riviera-Nayarit-NA-mls_44121?pg=19&OrderBy=-ListPrice&m=20101117190901935008000000&search_referral_url=https%3A%2F%2Fgerardallardpv.com%2Fproperties%3Fpg%3D19,Allard Realty,Land/Lot,1880000,USD,,3,,,"Nestled perfectly between the exclusive luxury of Punta Mita and the vibrant energy of Puerto Vallarta lies Bucerias. This quintessential beach town offers a relaxed, sleepy-village atmosphere along a",https://secure.gravatar.com/avatar/57736a2afc94af145ff19235d2065a32cedf99d36ccce4a435662ee9470ab8d5?s=96&amp;d=mm&amp;r=g,Mexico,,,,,Unclassified,3,Gerard Allard,https://gerardallardpv.com/idx/16-Prol-Africa-Villa-Sweetwater-Riviera-Nayarit-NA-mls_42421?pg=19&OrderBy=-ListPrice&m=20101117190901935008000000&search_referral_url=https%3A%2F%2Fgerardallardpv.com%2Fproperties%3Fpg%3D19; https://gerardallardpv.com/idx/19-Del-Pacifico-Ave-802-Pacific-Tower-Riviera-Nayarit-NA-mls_44121?pg=19&OrderBy=-ListPrice&m=20101117190901935008000000&search_referral_url=https%3A%2F%2Fgerardallardpv.com%2Fproperties%3Fpg%3D19; https://gerardallardpv.com/idx/2226-9-Carr-Barra-de-Navidad-PH-5S-Sierra-del-Mar-Arco-Sur-Puerto-Vallarta-JA-mls_38662?pg=19&OrderBy=-ListPrice&m=20101117190901935008000000&search_referral_url=https%3A%2F%2Fgerardallardpv.com%2Fproperties%3Fpg%3D19,Puerto Vallarta
Gerard Allard,https://www.gerardallardpv.com,,https://gerardallardpv.com/idx/Riviera-Nayarit-NA-mls_34548?pg=20&OrderBy=-ListPrice&m=20101117190901935008000000&search_referral_url=https%3A%2F%2Fgerardallardpv.com%2Fproperties%3Fpg%3D20,Allard Realty,Land/Lot,1795000,USD,,3,151,m2,"Casa Mirlo is an exceptional beachfront home in Sayulita, offering unparalleled comfort and charm! Recently renovated, this stunning three-bedroom residence sits just steps from the sand in the exclus",https://secure.gravatar.com/avatar/57736a2afc94af145ff19235d2065a32cedf99d36ccce4a435662ee9470ab8d5?s=96&amp;d=mm&amp;r=g,Mexico,,,,,Unclassified,5,Gerard Allard,https://gerardallardpv.com/idx/21-LAZARO-CARDENAS-PH-D-UDARA-Riviera-Nayarit-NA-mls_30080?pg=20&OrderBy=-ListPrice&m=20101117190901935008000000&search_referral_url=https%3A%2F%2Fgerardallardpv.com%2Fproperties%3Fpg%3D20; https://gerardallardpv.com/idx/2400-Carr-A-Barra-de-Navidad-El-Paredon-Lot-7-Puerto-Vallarta-JA-mls_41074?pg=20&OrderBy=-ListPrice&m=20101117190901935008000000&search_referral_url=https%3A%2F%2Fgerardallardpv.com%2Fproperties%3Fpg%3D20; https://gerardallardpv.com/idx/275-Aquiles-Serdan-CASA-AQUILES-Puerto-Vallarta-JA-mls_44044?pg=20&OrderBy=-ListPrice&m=20101117190901935008000000&search_referral_url=https%3A%2F%2Fgerardallardpv.com%2Fproperties%3Fpg%3D20; https://gerardallardpv.com/idx/Fraccion-2-Calle-Sin-Nombre-Predio-Mirama-Lote-Miramar-Riviera-Nayarit-NA-mls_44304?pg=20&OrderBy=-ListPrice&m=20101117190901935008000000&search_referral_url=https%3A%2F%2Fgerardallardpv.com%2Fproperties%3Fpg%3D20; https://gerardallardpv.com/idx/Riviera-Nayarit-NA-mls_34548?pg=20&OrderBy=-ListPrice&m=20101117190901935008000000&search_referral_url=https%3A%2F%2Fgerardallardpv.com%2Fproperties%3Fpg%3D20,Puerto Vallarta
Sergio Wong,https://www.nowproperties.mx,,https://nowproperties.mx/villas-amore-mia-puerto-vallarta/,Amore mia - Punta mita - Now Properties,House,,,,3,176,m2,"Villas Amore Mía es un exclusivo complejo frente al mar en Puerto Vallarta, ideal para bodas, eventos y estancias privadas. Vive el romance, la privacidad y el lujo en un entorno natural incomparable.",https://nowproperties.mx/wp-content/uploads/2025/08/hero.jpg,Mexico,,,,,Unclassified,1,Sergio Wong,https://nowproperties.mx/villas-amore-mia-puerto-vallarta/,Puerto Vallarta
