Broker Name,URL,Brokerage,Listings For Sale (Properstar),Properstar Profile URL
𝙎𝙚𝙡𝙚𝙘𝙩𝙚𝙙 𝙗𝙮  𝐑𝐈𝐌 𝐈𝐍𝐕𝐄𝐒𝐓𝐌𝐄𝐍𝐓𝐒  🏆,https://www.riminvestments.mx,RIM Investments,586,https://www.properstar.co.uk/real-estate-agent/riminvestments
Mary D. Serrano,https://mexicorealtyliving.com,Mexico Realty Living,480,https://www.properstar.co.uk/real-estate-agent/mary-d-serrano
PRYA GRUPO INMOBILIARIO BY KW,https://prya.mx/,KW Grand,360,https://www.properstar.co.uk/real-estate-agent/pryagrupoinmobiliario
I-VEO Synergy España,https://www.i-veo.com/,I-VEO Synergy España,250,https://www.properstar.co.uk/real-estate-agent/iveo
Edith Sheperd,https://www.samecinmobiliaria.com/,SAMEC Grupo Inmobiliario,191,https://www.properstar.co.uk/real-estate-agent/edith-sheperd
Casa Key,https://www.casakey.house, Casa Key ,136,https://www.properstar.co.uk/real-estate-agent/casa-key
Antonio Gutierrez,acro.coldwellbanker.com.mx,Coldwell Banker Acro,123,https://www.properstar.co.uk/real-estate-agent/antonio-gutierrez
Luis Enrique Barreto,https://palmarealtors.com/,Luis Barretos,115,https://www.properstar.co.uk/real-estate-agent/palmarealtors
Glory Murillo,https://glorymurillorealtor.com, Glory Murillo Realtor ,109,https://www.properstar.co.uk/real-estate-agent/glory-murillo1
ARTURO NUÑEZ,https://www.wcariberealestate.com/,Wcaribe Inmobiliaria,87,https://www.properstar.co.uk/real-estate-agent/arturo-nunez
Coldwell Banker Riviera Maya - Vera Moreno,rivieramaya.coldwellbanker.com.mx,Coldwell Banker Riviera Maya,73,https://www.properstar.co.uk/real-estate-agent/vera-moreno
Doris Ortega M.,https://www.pincali.com/inmobiliarios/inmobiliariadoris,Inmobiliaria Doris,69,https://www.properstar.co.uk/real-estate-agent/doris-ortega-m
Mike Burgoyne,https://mexicorealestatesolutions.com/properties-for-sale/,Mexico Real Estate Solutions,65,https://www.properstar.co.uk/real-estate-agent/mike-burgoyne
Nada Nehme Naaman,https://www.kwmexico.mx/NadaNehme,KW Riviera Maya,62,https://www.properstar.co.uk/real-estate-agent/nehme-naaman-nada
Juan Chavarriaga Orozco,https://c21eliteadvisors.com,CENTURY 21 Elite Advisors,61,https://www.properstar.co.uk/real-estate-agent/juan-chavarriaga-orozco
Albane Le Mellec,https://www.c21caribbean.com,CENTURY 21 Caribbean Paradise,52,https://www.properstar.co.uk/real-estate-agent/albane-le-mellec
Alejandro Koleff,https://www.century21apolo.com,CENTURY 21 Apolo,45,https://www.properstar.co.uk/real-estate-agent/alejandro-koleff
Rocio Mariana Barreto,https://www.palmarealtors.com,Mariana Barreto,42,https://www.properstar.co.uk/real-estate-agent/mariana-barreto
Antonio Castro Vega,costamaya.coldwellbanker.com.mx,Coldwell Banker Costa Maya,42,https://www.properstar.co.uk/real-estate-agent/antonio-castro-vega1
MRD INMOBILIARIA,https://www.inmobiliariamrd.com,MRD INMOBILIARIA,36,https://www.properstar.co.uk/real-estate-agent/inmobiliariamrd
Bardo Gilberto Uriel Vázquez Pérez,delbosque.coldwellbanker.com.mx,Coldwell Banker Del Bosque,34,https://www.properstar.co.uk/real-estate-agent/bardo-gilberto-uriel-vazquez-perez1
Askin Real Estate,https://askinrealestate.com,Askin Real Estate,30,https://www.properstar.co.uk/real-estate-agent/askinrealestate
Omar Chavez,https://www.yinxrealestate.com,eXp Mexico,30,https://www.properstar.co.uk/real-estate-agent/omar-chavez
Monserrat González,https://century21pendulumrealty.com/v/resultados/oficina_4116-century-21-pendulum-realty_local/,CENTURY 21 Pendulum Realty,29,https://www.properstar.co.uk/real-estate-agent/monserrat-gonzalez
Sueyin Coromoto Agelvis Acuña,https://www.LaMasterBroker.com,KW Riviera Maya,26,https://www.properstar.co.uk/real-estate-agent/agelvis-acuna-sueyin-coromoto
Sam Chávez,https://www.buyrivieramaya.com.mx/,Buy Riviera Maya,24,https://www.properstar.co.uk/real-estate-agent/sam-chavez
Agustina Doynel,https://www.adrealestate.mx, AD Real Estate ,23,https://www.properstar.co.uk/real-estate-agent/agustina-doynel
Eloy Corona,https://sierraymarpropiedades.com, CYV INMUEBLES ,23,https://www.properstar.co.uk/real-estate-agent/eloy-corona
Marisol Zapata,msdeluxeproperties.com, MS Deluxe Properties ,23,https://www.properstar.co.uk/real-estate-agent/marisol-zapata
Emilio Zanetti,https://ahorealtygroupmx.com/, AHO Realty Group | Bienes Raíces | Playa del Carmen ,22,https://www.properstar.co.uk/real-estate-agent/emilio-zanetti1
Susann Rottloff,https://www.susannrottloff.com,The Agency | Riviera Maya,21,https://www.properstar.co.uk/real-estate-agent/susann-rottloff
Gobal Costa Maya,https://gobalcostamaya.com/es/,Gobal Costa Maya,20,https://www.properstar.co.uk/real-estate-agent/global-costa-maya
Sally Sudol,https://www.theagencyre.com/,The Agency | Riviera Maya,19,https://www.properstar.co.uk/real-estate-agent/sally-sudol
Thomas Lloyd,https://www.topmexicorealestate.com/,Top Mexico Real Estate,18,https://www.properstar.co.uk/real-estate-agent/thomas-lloyd2
Craig Verbeck,https://www.athomemexico.com,eXp Mexico,14,https://www.properstar.co.uk/real-estate-agent/craig-verbeck1
Sudibeth Peniche,raices360.mx, Raices360mx ,8,https://www.properstar.co.uk/real-estate-agent/sudibeth-peniche
CARLOS R RODRIGUEZ,tdcrealtysolutions.com, TDC REALTY SOLUTIONS ,7,https://www.properstar.co.uk/real-estate-agent/carlos-r-rodriguez
Steve Brooks,https://www.elementsrealestategroup.com/,Elements Real Estate Group ,6,https://www.properstar.co.uk/real-estate-agent/steve-brooks
Kristian Prado,https://www.bahiabrokers.com, Bahia Brokers ,5,https://www.properstar.co.uk/real-estate-agent/kristian-prado2
Yann COUSTOULIN,ketzinger.fr,Ketzinger International Realty,5,https://www.properstar.co.uk/real-estate-agent/yann-coustoulin
TONANZI GONZALEZ MARQUEZ,https://www.caribbeanproperties.mx,Caribbean Properties,4,https://www.properstar.co.uk/real-estate-agent/tonanzi-gonzalez-marquez
Andrea Burgos,https://realestateplayadelcarmen.com.mx,Moskito Real Estate,4,https://www.properstar.co.uk/real-estate-agent/andrea-burgos
Uly Savchenko,https://playadelcarmenrealestatemexico.com,Living Riviera Maya Real Estate,3,https://www.properstar.co.uk/real-estate-agent/uly-savchenko
Pilar Reynoso,https://realestateplayadelcarmen.com.mx,Moskito Real Estate,1,https://www.properstar.co.uk/real-estate-agent/pilar-reynoso
