Domain,URL,Broker Name,Brokerage,Regions,Properstar Listings
aakinmuebles.com,https://www.aakinmuebles.com,Gloria Gracida,Gloria Esther Gracida Suarez,Cancun,1
acro.coldwellbanker.com.mx,https://acro.coldwellbanker.com.mx,Antonio Gutierrez,Coldwell Banker Acro,Playa del Carmen,123
adrealestate.mx,https://www.adrealestate.mx,Agustina Doynel, AD Real Estate ,Cancun,23
askinrealestate.com,https://askinrealestate.com,Askin Real Estate,Askin Real Estate,Cancun,30
athomemexico.com,https://www.athomemexico.com,Craig Verbeck,eXp Mexico,Playa del Carmen,14
aztoria.coldwellbanker.com.mx,https://aztoria.coldwellbanker.com.mx,Ana Rivera,Coldwell Banker Aztoria,Cancun,68
blue-caribbean-properties.alterestate.com,https://blue-caribbean-properties.alterestate.com,Daniel Castillo, Blue Caribbean Properties ,Playa del Carmen; Puerto Morelos,5
bluecaribbeanproperties.com,https://www.bluecaribbeanproperties.com,Jessie Grijalba, Blue Caribbean Properties ,Cancun; Playa del Carmen; Puerto Morelos,72
buserfin.com,https://buserfin.com/,Victor Galdámez,Buserfin Real Estate,Baja California Sur,45
buyrivieramaya.com.mx,https://www.buyrivieramaya.com.mx/,Sam Chávez,Buy Riviera Maya,Playa del Carmen,24
c21caribbean.com,https://www.c21caribbean.com,Albane Le Mellec,CENTURY 21 Caribbean Paradise,Cancun; Playa del Carmen,52
c21eliteadvisors.com,https://c21eliteadvisors.com,Juan Chavarriaga Orozco,CENTURY 21 Elite Advisors,Cancun; Playa del Carmen; Puerto Morelos,61
cabodawnpier.com,https://cabodawnpier.com/,Dawn Pier,The Agency | Los Cabos,Baja California Sur,20
cancun-negocios-inmobiliarios.com,https://cancun-negocios-inmobiliarios.com,Gina Chequer, CNI ,Cancun,2
cancunbrokerinmobiliario.com,https://www.cancunbrokerinmobiliario.com,Norma Cruz,Norma,Cancun; Playa del Carmen,11
cariberealestate.com,https://www.wcariberealestate.com/,ARTURO NUÑEZ,Wcaribe Inmobiliaria,Cancun; Puerto Morelos,87
casakey.house,https://www.casakey.house,Casa Key, Casa Key ,Baja California Sur; Cancun; Playa del Carmen; Puerto Morelos,136
century21apolo.com,https://www.century21apolo.com,Alejandro Koleff,CENTURY 21 Apolo,Cancun; Playa del Carmen,45
century21legendaryrealty.com,https://www.century21legendaryrealty.com/,Gregorio Ramírez García,CENTURY 21 Legendary Realty,Baja California Sur,25
century21pendulumrealty.com,https://century21pendulumrealty.com/v/resultados/oficina_4116-century-21-pendulum-realty_local/,Monserrat González,CENTURY 21 Pendulum Realty,Playa del Carmen; Puerto Morelos,29
costamaya.coldwellbanker.com.mx,https://costamaya.coldwellbanker.com.mx,Antonio Castro Vega,Coldwell Banker Costa Maya,Cancun; Playa del Carmen; Puerto Morelos,42
cozumelvista.com,https://www.cozumelvista.com,Luly Meza Conde,Cozumel Vista Real Estate,Playa del Carmen,10
delbosque.coldwellbanker.com.mx,https://delbosque.coldwellbanker.com.mx,Bardo Gilberto Uriel Vázquez Pérez,Coldwell Banker Del Bosque,Playa del Carmen,34
ekodesar.com,https://ekodesar.com,Guadalupe Delgado Tabares, Ekodesar Inmobiliaria ,Baja California Sur,5
elementsrealestategroup.com,https://www.elementsrealestategroup.com/,Steve Brooks,Elements Real Estate Group ,Playa del Carmen,6
elimarproperties.com,https://elimarproperties.com/,Elizabeth Gregg,Elimar Properties,Cancun; Playa del Carmen,23
gaprealestate.com.mx,https://www.gaprealestate.com.mx,GAP REAL ESTATE RIVIERA MAYA,Gap Real Estate,Playa del Carmen; Puerto Morelos,16
gerardallardpv.com,https://www.gerardallardpv.com,Gerard Allard,Allard Realty,Puerto Vallarta,10
gobalcostamaya.com,https://gobalcostamaya.com/es/,Gobal Costa Maya,Gobal Costa Maya,Baja California Sur; Cancun,20
goldenrealtors.mx,https://goldenrealtors.mx,Victor Yañez, Golden Realtors by Maxproperties ,Playa del Carmen,6
grupomiluska.com,https://www.grupomiluska.com,Jaime Ruben Kirnos Ramirez,Grupo Miluska Realty Services,Puerto Morelos,11
i-veo.com,https://www.i-veo.com/,I-VEO Synergy España,I-VEO Synergy España,Cancun,250
ibasuteamrealestate.com,https://ibasuteamrealestate.com/agentes-ibasu/adrian-real/,Adrián Real,iBasuTeam Real Estate,Baja California Sur,4
ihomerealty.mx,https://www.ihomerealty.mx/,Adrian Mariscal Alvarado,eXp Mexico,Baja California Sur,2
inmobiliariamrd.com,https://www.inmobiliariamrd.com,MRD INMOBILIARIA,MRD INMOBILIARIA,Cancun,36
inmueblesloscabos.com.mx,https://inmueblesloscabos.com.mx/,Julian Perez,Grupo Inmuebles Los Cabos Real Estate,Baja California Sur,1
jimenezplaza.com,https://jimenezplaza.com/,JOSE MARIA JIMENEZ FERNANDEZ,eXp Mexico,Cancun; Playa del Carmen; Puerto Morelos,57
johanahernandez.evrealestate.com,https://johanahernandez.evrealestate.com/en,Johana Hernandez,Engel & Völkers Santo Domingo,Baja California Sur,24
ketzinger.fr,https://ketzinger.fr,Daniel Wahnoun,Ketzinger International Realty,Cancun; Playa del Carmen,19
kwmexico.mx,https://www.kwmexico.mx/NadaNehme,Nada Nehme Naaman,KW Riviera Maya,Cancun; Playa del Carmen; Puerto Morelos; Puerto Vallarta,62
lamasterbroker.com,https://www.LaMasterBroker.com,Sueyin Coromoto Agelvis Acuña,KW Riviera Maya,Playa del Carmen; Puerto Morelos,26
lealsi.com,https://www.lealsi.com,Valeria Leal Rivera,Leal Servicios Inmobiliarios,Baja California Sur,6
lgirealtygroup.com,https://lgirealtygroup.com,Maria de Lourdes Martínez Diaz, LGI Realty Group ,Playa del Carmen,2
luxxlifeglobal.com,http://www.luxxlifeglobal.com,Shannon Marin,eXp Mexico,Playa del Carmen,18
ly-cotes-real-estate-15847.alterestate.com,https://ly-cotes-real-estate-15847.alterestate.com,Ly Cotes, Ly Cotes Real Estate ,Playa del Carmen,1
mexicorealestatesolutions.com,https://mexicorealestatesolutions.com/properties-for-sale/,Mike Burgoyne,Mexico Real Estate Solutions,Playa del Carmen; Puerto Morelos,65
mexicorealtyliving.com,https://mexicorealtyliving.com,Mary D. Serrano,Mexico Realty Living,Cancun; Playa del Carmen; Puerto Morelos,480
mexpatrealtors.com,https://mexpatrealtors.com/,Mexpat Realtors Agencia Inmobiliaria,Luke,Puerto Vallarta,10
mobiapremium.coldwellbanker.com.mx,https://mobiapremium.coldwellbanker.com.mx,Ursula Garcia,Coldwell Banker Mobika Premium,Cancun; Playa del Carmen,154
momentum.coldwellbanker.com.mx,https://momentum.coldwellbanker.com.mx,Tracy Lynn Collingridge,Coldwell Banker Momentum,Baja California Sur,50
msdeluxeproperties.com,https://msdeluxeproperties.com,Marisol Zapata, MS Deluxe Properties ,Cancun; Playa del Carmen,23
netbrokers.com.mx,https://netbrokers.com.mx,MONICA Diaz,eXp Mexico,Cancun,4
nowproperties.mx,https://www.nowproperties.mx,Sergio Wong,KW Bahia,Puerto Vallarta,10
palmarealtors.com,https://palmarealtors.com/,Luis Enrique Barreto,Luis Barretos,Cancun; Playa del Carmen; Puerto Morelos,115
patycardonacancun.com,https://patycardonacancun.com/,Paty Cardona,Inmobiliaria Paty Cardona y Asociados,Cancun,73
playarealtors.co,https://www.playarealtors.co,Karina Debora Sayed,PLAYA REALTORS- www.playarealtors.co,Cancun; Playa del Carmen; Puerto Morelos,2818
primegroup.coldwellbanker.com.mx,https://primegroup.coldwellbanker.com.mx,ALEJANDRINA GALLUR ALCALA,Coldwell Banker Prime Group,Cancun; Playa del Carmen,81
prya.mx,https://prya.mx/,PRYA GRUPO INMOBILIARIO BY KW,KW Grand,Baja California Sur; Cancun; Playa del Carmen; Puerto Vallarta,360
puntasur.coldwellbanker.com.mx,https://puntasur.coldwellbanker.com.mx,Alfonso Reynoso,Alfonso Gabriel Reynoso Ortiz,Cancun; Playa del Carmen,101
realestateplayadelcarmen.com.mx,https://realestateplayadelcarmen.com.mx,Andrea Burgos,Moskito Real Estate,Playa del Carmen,4
riminvestments.mx,https://www.riminvestments.mx,𝙎𝙚𝙡𝙚𝙘𝙩𝙚𝙙 𝙗𝙮  𝐑𝐈𝐌 𝐈𝐍𝐕𝐄𝐒𝐓𝐌𝐄𝐍𝐓𝐒  🏆,RIM Investments,Cancun; Playa del Carmen,586
riveras.coldwellbanker.com.mx,https://riveras.coldwellbanker.com.mx,Leticia Diaz Rivera,Coldwell Banker Riveras,Baja California Sur,144
riviera-maya-real-estate.com,https://www.riviera-maya-real-estate.com,Ines Gehrcken,Engel & Völkers Playa Del Carmen,Cancun; Playa del Carmen; Puerto Morelos,23
rivieramaya.coldwellbanker.com.mx,https://rivieramaya.coldwellbanker.com.mx,Coldwell Banker Riviera Maya - Vera Moreno,Coldwell Banker Riviera Maya,Playa del Carmen,73
samecinmobiliaria.com,https://www.samecinmobiliaria.com/,Edith Sheperd,SAMEC Grupo Inmobiliario,Baja California Sur; Cancun; Playa del Carmen; Puerto Vallarta,191
soulmaterealtors.com,http://soulmaterealtors.com/,Mariana Buendia,soulmate realtors,Playa del Carmen,21
stansellsrealestate.com,https://www.stansellsrealestate.com,Stan Sanchez,eXp Mexico,Playa del Carmen,11
susannrottloff.com,https://www.susannrottloff.com,Susann Rottloff,The Agency | Riviera Maya,Playa del Carmen,21
theagencybaja.com,https://theagencybaja.com/agent/bruno-paul-bourlon,Bruno Paul Bourlon,The Agency | La Paz,Baja California Sur,4
theagencyloscabos.com,https://theagencyloscabos.com/team/gregory-noel/,Gregory Noel,The Agency | Los Cabos,Baja California Sur,6
topmexicorealestate.com,https://www.topmexicorealestate.com/,Thomas Lloyd,Top Mexico Real Estate,Playa del Carmen,18
tropicarealty.com,https://tropicarealty.com,Petra Lamadrid,Tropica Realty,Puerto Morelos,12
villasenorsv.coldwellbanker.com.mx,https://villasenorsv.coldwellbanker.com.mx,Brock Squire,Coldwell Banker La Costa,Puerto Vallarta,244
yinxrealestate.com,https://www.yinxrealestate.com,Omar Chavez,eXp Mexico,Playa del Carmen,30
yucatanexpert.com,https://yucatanexpert.com,,,Playa del Carmen,33
