Broker Name,URL
Gloria Gracida,https://www.aakinmuebles.com
Ana Rivera,https://aztoria.coldwellbanker.com.mx
Victor Galdámez,https://buserfin.com/
Dawn Pier,https://cabodawnpier.com/
Gina Chequer,https://cancun-negocios-inmobiliarios.com
Norma Cruz,https://www.cancunbrokerinmobiliario.com
Gregorio Ramírez García,https://www.century21legendaryrealty.com/
Luly Meza Conde,https://www.cozumelvista.com
Guadalupe Delgado Tabares,https://ekodesar.com
GAP REAL ESTATE RIVIERA MAYA,https://www.gaprealestate.com.mx
Gerard Allard,https://www.gerardallardpv.com
Victor Yañez,https://goldenrealtors.mx
Jaime Ruben Kirnos Ramirez,https://www.grupomiluska.com
Adrián Real,https://ibasuteamrealestate.com/agentes-ibasu/adrian-real/
Adrian Mariscal Alvarado,https://www.ihomerealty.mx/
Julian Perez,https://inmueblesloscabos.com.mx/
JOSE MARIA JIMENEZ FERNANDEZ,https://jimenezplaza.com/
Johana Hernandez,https://johanahernandez.evrealestate.com/en
Valeria Leal Rivera,https://www.lealsi.com
Maria de Lourdes Martínez Diaz,https://lgirealtygroup.com
Shannon Marin,http://www.luxxlifeglobal.com
Ly Cotes,https://ly-cotes-real-estate-15847.alterestate.com
Mexpat Realtors Agencia Inmobiliaria,https://mexpatrealtors.com/
Ursula Garcia,https://mobiapremium.coldwellbanker.com.mx
Tracy Lynn Collingridge,https://momentum.coldwellbanker.com.mx
MONICA Diaz,https://netbrokers.com.mx
Sergio Wong,https://www.nowproperties.mx
Paty Cardona,https://patycardonacancun.com/
ALEJANDRINA GALLUR ALCALA,https://primegroup.coldwellbanker.com.mx
Alfonso Reynoso,https://puntasur.coldwellbanker.com.mx
Leticia Diaz Rivera,https://riveras.coldwellbanker.com.mx
Ines Gehrcken,https://www.riviera-maya-real-estate.com
Mariana Buendia,http://soulmaterealtors.com/
Stan Sanchez,https://www.stansellsrealestate.com
Bruno Paul Bourlon,https://theagencybaja.com/agent/bruno-paul-bourlon
Gregory Noel,https://theagencyloscabos.com/team/gregory-noel/
Petra Lamadrid,https://tropicarealty.com
Brock Squire,https://villasenorsv.coldwellbanker.com.mx
